Power Analyzer report for GaussianMixtureModel
Tue May  5 11:45:52 2026
Quartus Prime Version 23.1std.1 Build 993 05/14/2024 SC Lite Edition


---------------------
; Table of Contents ;
---------------------
  1. Legal Notice
  2. Parallel Compilation
  3. Power Analyzer Summary
  4. Power Analyzer Settings
  5. Indeterminate Toggle Rates
  6. Operating Conditions Used
  7. Thermal Power Dissipation by Block
  8. Thermal Power Dissipation by Block Type
  9. Thermal Power Dissipation by Hierarchy
 10. Core Dynamic Thermal Power Dissipation by Clock Domain
 11. Current Drawn from Voltage Supplies Summary
 12. VCCIO Supply Current Drawn by I/O Bank
 13. VCCIO Supply Current Drawn by Voltage
 14. Confidence Metric Details
 15. Signal Activities
 16. Power Analyzer Messages



----------------
; Legal Notice ;
----------------
Copyright (C) 2024  Intel Corporation. All rights reserved.
Your use of Intel Corporation's design tools, logic functions 
and other software and tools, and any partner logic 
functions, and any output files from any of the foregoing 
(including device programming or simulation files), and any 
associated documentation or information are expressly subject 
to the terms and conditions of the Intel Program License 
Subscription Agreement, the Intel Quartus Prime License Agreement,
the Intel FPGA IP License Agreement, or other applicable license
agreement, including, without limitation, that your use is for
the sole purpose of programming logic devices manufactured by
Intel and sold by Intel or its authorized distributors.  Please
refer to the applicable agreement for further details, at
https://fpgasoftware.intel.com/eula.



+------------------------------------------+
; Parallel Compilation                     ;
+----------------------------+-------------+
; Processors                 ; Number      ;
+----------------------------+-------------+
; Number detected on machine ; 8           ;
; Maximum allowed            ; 4           ;
;                            ;             ;
; Average used               ; 2.36        ;
; Maximum used               ; 4           ;
;                            ;             ;
; Usage by Processor         ; % Time Used ;
;     Processor 1            ; 100.0%      ;
;     Processors 2-4         ;  45.4%      ;
+----------------------------+-------------+


+-------------------------------------------------------------------------------------------+
; Power Analyzer Summary                                                                    ;
+----------------------------------------+--------------------------------------------------+
; Power Analyzer Status                  ; Successful - Tue May  5 11:45:52 2026            ;
; Quartus Prime Version                  ; 23.1std.1 Build 993 05/14/2024 SC Lite Edition   ;
; Revision Name                          ; GaussianMixtureModel                             ;
; Top-level Entity Name                  ; GaussianMixtureModel                             ;
; Family                                 ; MAX 10                                           ;
; Device                                 ; 10M50SAE144C8G                                   ;
; Power Models                           ; Final                                            ;
; Total Thermal Power Dissipation        ; 260.17 mW                                        ;
; Core Dynamic Thermal Power Dissipation ; 0.00 mW                                          ;
; Core Static Thermal Power Dissipation  ; 251.63 mW                                        ;
; I/O Thermal Power Dissipation          ; 8.54 mW                                          ;
; Power Estimation Confidence            ; Low: user provided insufficient toggle rate data ;
+----------------------------------------+--------------------------------------------------+


+--------------------------------------------------------------------------------------------------------------------------+
; Power Analyzer Settings                                                                                                  ;
+------------------------------------------------------------------+---------------------------------------+---------------+
; Option                                                           ; Setting                               ; Default Value ;
+------------------------------------------------------------------+---------------------------------------+---------------+
; Use smart compilation                                            ; Off                                   ; Off           ;
; Enable parallel Assembler and Timing Analyzer during compilation ; On                                    ; On            ;
; Enable compact report table                                      ; Off                                   ; Off           ;
; Preset Cooling Solution                                          ; 23 MM HEAT SINK WITH 200 LFPM AIRFLOW ;               ;
; Board thermal model                                              ; None (CONSERVATIVE)                   ;               ;
; Default Power Toggle Rate                                        ; 12.5%                                 ; 12.5%         ;
; Default Power Input I/O Toggle Rate                              ; 12.5%                                 ; 12.5%         ;
; Use vectorless estimation                                        ; On                                    ; On            ;
; Use Input Files                                                  ; Off                                   ; Off           ;
; Filter Glitches in VCD File Reader                               ; On                                    ; On            ;
; Power Analyzer Report Signal Activity                            ; Off                                   ; Off           ;
; Power Analyzer Report Power Dissipation                          ; Off                                   ; Off           ;
; Device Power Characteristics                                     ; TYPICAL                               ; TYPICAL       ;
; Automatically Compute Junction Temperature                       ; On                                    ; On            ;
; Specified Junction Temperature                                   ; 25                                    ; 25            ;
; Ambient Temperature                                              ; 25                                    ; 25            ;
; Use Custom Cooling Solution                                      ; Off                                   ; Off           ;
; Board Temperature                                                ; 25                                    ; 25            ;
+------------------------------------------------------------------+---------------------------------------+---------------+


+-----------------------------------------------------------------------------------------------------------------------------------------+
; Indeterminate Toggle Rates                                                                                                              ;
+-----------------------------------------------------------------------------------------------------------+-----------------------------+
; Node                                                                                                      ; Reason                      ;
+-----------------------------------------------------------------------------------------------------------+-----------------------------+
; analogue_front_end:afe_inst|pll:pll_2|altpll:altpll_component|pll_altpll1:auto_generated|wire_pll1_clk[0] ; No valid clock domain found ;
; clk                                                                                                       ; No valid clock domain found ;
; rst_n                                                                                                     ; No valid clock domain found ;
; analogue_front_end:afe_inst|pll:pll_2|altpll:altpll_component|pll_altpll1:auto_generated|locked~clkctrl   ; No valid clock domain found ;
; clk~inputclkctrl                                                                                          ; No valid clock domain found ;
+-----------------------------------------------------------------------------------------------------------+-----------------------------+


+-------------------------------------------------------------------------+
; Operating Conditions Used                                               ;
+---------------------------------------------+---------------------------+
; Setting                                     ; Value                     ;
+---------------------------------------------+---------------------------+
; Device power characteristics                ; Typical                   ;
;                                             ;                           ;
; Voltages                                    ;                           ;
;     VCCA                                    ; 3.00 V                    ;
;     VCC_ONE                                 ; 3.00 V                    ;
;     2.5 V I/O Standard                      ; 2.5 V                     ;
;     2.5 V Schmitt Trigger I/O Standard      ; 2.5 V                     ;
;                                             ;                           ;
; Auto computed junction temperature          ; 28.3 degrees Celsius      ;
;     Ambient temperature                     ; 25.0 degrees Celsius      ;
;     Junction-to-Case thermal resistance     ; 5.50 degrees Celsius/Watt ;
;     Case-to-Heat Sink thermal resistance    ; 0.10 degrees Celsius/Watt ;
;     Heat Sink-to-Ambient thermal resistance ; 7.20 degrees Celsius/Watt ;
;                                             ;                           ;
; Board model used                            ; None                      ;
+---------------------------------------------+---------------------------+


+----------------------------------------------------------------------------------------------------------------------------------------------+
; Thermal Power Dissipation by Block                                                                                                           ;
+------------+------------+---------------------+-----------------------------+--------------------------------+-------------------------------+
; Block Name ; Block Type ; Total Thermal Power ; Block Thermal Dynamic Power ; Block Thermal Static Power (1) ; Routing Thermal Dynamic Power ;
+------------+------------+---------------------+-----------------------------+--------------------------------+-------------------------------+
(1) The "Thermal Power Dissipation by Block" Table has been hidden. To show this table, please select the "Write power dissipation by block to report file" option under "PowerPlay Power Analyzer Settings".


+---------------------------------------------------------------------------------------------------------------------------------------------------------------------------------------------------------------------------+
; Thermal Power Dissipation by Block Type                                                                                                                                                                                   ;
+----------------------------+-----------------------------------+-----------------------------+--------------------------------+-------------------------------+-----------------------------------------------------------+
; Block Type                 ; Total Thermal Power by Block Type ; Block Thermal Dynamic Power ; Block Thermal Static Power (1) ; Routing Thermal Dynamic Power ; Block Average Toggle Rate (millions of transitions / sec) ;
+----------------------------+-----------------------------------+-----------------------------+--------------------------------+-------------------------------+-----------------------------------------------------------+
; M9K                        ; 0.00 mW                           ; 0.00 mW                     ; --                             ; 0.00 mW                       ;    0.000                                                  ;
; Embedded multiplier block  ; 0.00 mW                           ; 0.00 mW                     ; --                             ; 0.00 mW                       ;    0.000                                                  ;
; Embedded multiplier output ; 0.00 mW                           ; 0.00 mW                     ; --                             ; 0.00 mW                       ;    0.000                                                  ;
; Combinational cell         ; 0.00 mW                           ; 0.00 mW                     ; --                             ; 0.00 mW                       ;    0.000                                                  ;
; Register cell              ; 0.00 mW                           ; 0.00 mW                     ; --                             ; 0.00 mW                       ;    0.000                                                  ;
; I/O                        ; 0.10 mW                           ; 0.00 mW                     ; 0.10 mW                        ; 0.00 mW                       ;    0.000                                                  ;
; Voltage Regulator          ; 0.96 mW                           ; 0.00 mW                     ; 0.96 mW                        ; --                            ; --                                                        ;
+----------------------------+-----------------------------------+-----------------------------+--------------------------------+-------------------------------+-----------------------------------------------------------+
(1) The "Block Thermal Static Power" for all block types except Pins and the Voltage Regulator, if one exists, is part of the "Core Static Thermal Power Dissipation" value found on the PowerPlay Power Analyzer-->Summary report panel. The "Core Static Thermal Power Dissipation" also contains the thermal static power dissipated by the routing.


+----------------------------------------------------------------------------------------------------------------------------------------------------------------------------------------------------------------------------------------------------------------------------------------------------------------------------------------------------------------------------------------------------------------------------------------------------------------------------------------------------------------------------------------------------------------------------------------------------------------------------------------------------------------------------------------------------------------------------------------------------------------------------------------------------+
; Thermal Power Dissipation by Hierarchy                                                                                                                                                                                                                                                                                                                                                                                                                                                                                                                                                                                                                                                                                                                                                             ;
+----------------------------------------------------------------------------------------------------------------------+--------------------------------------+---------------------------------+-----------------------------------+-----------------------------------+----------------------------------------------------------------------------------------------------------------------------------------------------------------------------------------------------------------------------------------------------------------------------------------------------------------------------------------------------------------------------------------------------------------------------------------------------------------------------------------------------------------------------+
; Compilation Hierarchy Node                                                                                           ; Total Thermal Power by Hierarchy (1) ; Block Thermal Dynamic Power (1) ; Block Thermal Static Power (1)(2) ; Routing Thermal Dynamic Power (1) ; Full Hierarchy Name                                                                                                                                                                                                                                                                                                                                                                                                                                                                                                        ;
+----------------------------------------------------------------------------------------------------------------------+--------------------------------------+---------------------------------+-----------------------------------+-----------------------------------+----------------------------------------------------------------------------------------------------------------------------------------------------------------------------------------------------------------------------------------------------------------------------------------------------------------------------------------------------------------------------------------------------------------------------------------------------------------------------------------------------------------------------+
; |GaussianMixtureModel                                                                                                ; 1.06 mW (1.06 mW)                    ; 0.00 mW (0.00 mW)               ; 1.06 mW (1.06 mW)                 ; 0.00 mW (0.00 mW)                 ; |GaussianMixtureModel                                                                                                                                                                                                                                                                                                                                                                                                                                                                                                      ;
;     |analogue_front_end:afe_inst                                                                                     ; 0.00 mW (0.00 mW)                    ; 0.00 mW (0.00 mW)               ; --                                ; 0.00 mW (0.00 mW)                 ; |GaussianMixtureModel|analogue_front_end:afe_inst                                                                                                                                                                                                                                                                                                                                                                                                                                                                          ;
;         |adc:adc_0                                                                                                   ; 0.00 mW (0.00 mW)                    ; 0.00 mW (0.00 mW)               ; --                                ; 0.00 mW (0.00 mW)                 ; |GaussianMixtureModel|analogue_front_end:afe_inst|adc:adc_0                                                                                                                                                                                                                                                                                                                                                                                                                                                                ;
;             |adc_modular_adc_0:modular_adc_0                                                                         ; 0.00 mW (0.00 mW)                    ; 0.00 mW (0.00 mW)               ; --                                ; 0.00 mW (0.00 mW)                 ; |GaussianMixtureModel|analogue_front_end:afe_inst|adc:adc_0|adc_modular_adc_0:modular_adc_0                                                                                                                                                                                                                                                                                                                                                                                                                                ;
;                 |altera_modular_adc_control:control_internal                                                         ; 0.00 mW (0.00 mW)                    ; 0.00 mW (0.00 mW)               ; --                                ; 0.00 mW (0.00 mW)                 ; |GaussianMixtureModel|analogue_front_end:afe_inst|adc:adc_0|adc_modular_adc_0:modular_adc_0|altera_modular_adc_control:control_internal                                                                                                                                                                                                                                                                                                                                                                                    ;
;                     |fiftyfivenm_adcblock_top_wrapper:adc_inst                                                       ; 0.00 mW (0.00 mW)                    ; 0.00 mW (0.00 mW)               ; --                                ; 0.00 mW (0.00 mW)                 ; |GaussianMixtureModel|analogue_front_end:afe_inst|adc:adc_0|adc_modular_adc_0:modular_adc_0|altera_modular_adc_control:control_internal|fiftyfivenm_adcblock_top_wrapper:adc_inst                                                                                                                                                                                                                                                                                                                                          ;
;                         |fiftyfivenm_adcblock_primitive_wrapper:adcblock_instance                                    ; 0.00 mW (0.00 mW)                    ; 0.00 mW (0.00 mW)               ; --                                ; 0.00 mW (0.00 mW)                 ; |GaussianMixtureModel|analogue_front_end:afe_inst|adc:adc_0|adc_modular_adc_0:modular_adc_0|altera_modular_adc_control:control_internal|fiftyfivenm_adcblock_top_wrapper:adc_inst|fiftyfivenm_adcblock_primitive_wrapper:adcblock_instance                                                                                                                                                                                                                                                                                 ;
;                         |chsel_code_converter_sw_to_hw:decoder                                                       ; 0.00 mW (0.00 mW)                    ; 0.00 mW (0.00 mW)               ; --                                ; 0.00 mW (0.00 mW)                 ; |GaussianMixtureModel|analogue_front_end:afe_inst|adc:adc_0|adc_modular_adc_0:modular_adc_0|altera_modular_adc_control:control_internal|fiftyfivenm_adcblock_top_wrapper:adc_inst|chsel_code_converter_sw_to_hw:decoder                                                                                                                                                                                                                                                                                                    ;
;                     |altera_modular_adc_control_fsm:u_control_fsm                                                    ; 0.00 mW (0.00 mW)                    ; 0.00 mW (0.00 mW)               ; --                                ; 0.00 mW (0.00 mW)                 ; |GaussianMixtureModel|analogue_front_end:afe_inst|adc:adc_0|adc_modular_adc_0:modular_adc_0|altera_modular_adc_control:control_internal|altera_modular_adc_control_fsm:u_control_fsm                                                                                                                                                                                                                                                                                                                                       ;
;                         |altera_modular_adc_control_avrg_fifo:ts_avrg_fifo                                           ; 0.00 mW (0.00 mW)                    ; 0.00 mW (0.00 mW)               ; --                                ; 0.00 mW (0.00 mW)                 ; |GaussianMixtureModel|analogue_front_end:afe_inst|adc:adc_0|adc_modular_adc_0:modular_adc_0|altera_modular_adc_control:control_internal|altera_modular_adc_control_fsm:u_control_fsm|altera_modular_adc_control_avrg_fifo:ts_avrg_fifo                                                                                                                                                                                                                                                                                     ;
;                             |scfifo:scfifo_component                                                                 ; 0.00 mW (0.00 mW)                    ; 0.00 mW (0.00 mW)               ; --                                ; 0.00 mW (0.00 mW)                 ; |GaussianMixtureModel|analogue_front_end:afe_inst|adc:adc_0|adc_modular_adc_0:modular_adc_0|altera_modular_adc_control:control_internal|altera_modular_adc_control_fsm:u_control_fsm|altera_modular_adc_control_avrg_fifo:ts_avrg_fifo|scfifo:scfifo_component                                                                                                                                                                                                                                                             ;
;                                 |scfifo_ds61:auto_generated                                                          ; 0.00 mW (0.00 mW)                    ; 0.00 mW (0.00 mW)               ; --                                ; 0.00 mW (0.00 mW)                 ; |GaussianMixtureModel|analogue_front_end:afe_inst|adc:adc_0|adc_modular_adc_0:modular_adc_0|altera_modular_adc_control:control_internal|altera_modular_adc_control_fsm:u_control_fsm|altera_modular_adc_control_avrg_fifo:ts_avrg_fifo|scfifo:scfifo_component|scfifo_ds61:auto_generated                                                                                                                                                                                                                                  ;
;                                     |a_dpfifo_3o41:dpfifo                                                            ; 0.00 mW (0.00 mW)                    ; 0.00 mW (0.00 mW)               ; --                                ; 0.00 mW (0.00 mW)                 ; |GaussianMixtureModel|analogue_front_end:afe_inst|adc:adc_0|adc_modular_adc_0:modular_adc_0|altera_modular_adc_control:control_internal|altera_modular_adc_control_fsm:u_control_fsm|altera_modular_adc_control_avrg_fifo:ts_avrg_fifo|scfifo:scfifo_component|scfifo_ds61:auto_generated|a_dpfifo_3o41:dpfifo                                                                                                                                                                                                             ;
;                                         |a_fefifo_c6e:fifo_state                                                     ; 0.00 mW (0.00 mW)                    ; 0.00 mW (0.00 mW)               ; --                                ; 0.00 mW (0.00 mW)                 ; |GaussianMixtureModel|analogue_front_end:afe_inst|adc:adc_0|adc_modular_adc_0:modular_adc_0|altera_modular_adc_control:control_internal|altera_modular_adc_control_fsm:u_control_fsm|altera_modular_adc_control_avrg_fifo:ts_avrg_fifo|scfifo:scfifo_component|scfifo_ds61:auto_generated|a_dpfifo_3o41:dpfifo|a_fefifo_c6e:fifo_state                                                                                                                                                                                     ;
;                         |altera_std_synchronizer:u_clk_dft_synchronizer                                              ; 0.00 mW (0.00 mW)                    ; 0.00 mW (0.00 mW)               ; --                                ; 0.00 mW (0.00 mW)                 ; |GaussianMixtureModel|analogue_front_end:afe_inst|adc:adc_0|adc_modular_adc_0:modular_adc_0|altera_modular_adc_control:control_internal|altera_modular_adc_control_fsm:u_control_fsm|altera_std_synchronizer:u_clk_dft_synchronizer                                                                                                                                                                                                                                                                                        ;
;                         |altera_std_synchronizer:u_eoc_synchronizer                                                  ; 0.00 mW (0.00 mW)                    ; 0.00 mW (0.00 mW)               ; --                                ; 0.00 mW (0.00 mW)                 ; |GaussianMixtureModel|analogue_front_end:afe_inst|adc:adc_0|adc_modular_adc_0:modular_adc_0|altera_modular_adc_control:control_internal|altera_modular_adc_control_fsm:u_control_fsm|altera_std_synchronizer:u_eoc_synchronizer                                                                                                                                                                                                                                                                                            ;
;                 |altera_modular_adc_sequencer:sequencer_internal                                                     ; 0.00 mW (0.00 mW)                    ; 0.00 mW (0.00 mW)               ; --                                ; 0.00 mW (0.00 mW)                 ; |GaussianMixtureModel|analogue_front_end:afe_inst|adc:adc_0|adc_modular_adc_0:modular_adc_0|altera_modular_adc_sequencer:sequencer_internal                                                                                                                                                                                                                                                                                                                                                                                ;
;                     |altera_modular_adc_sequencer_csr:u_seq_csr                                                      ; 0.00 mW (0.00 mW)                    ; 0.00 mW (0.00 mW)               ; --                                ; 0.00 mW (0.00 mW)                 ; |GaussianMixtureModel|analogue_front_end:afe_inst|adc:adc_0|adc_modular_adc_0:modular_adc_0|altera_modular_adc_sequencer:sequencer_internal|altera_modular_adc_sequencer_csr:u_seq_csr                                                                                                                                                                                                                                                                                                                                     ;
;                     |altera_modular_adc_sequencer_ctrl:u_seq_ctrl                                                    ; 0.00 mW (0.00 mW)                    ; 0.00 mW (0.00 mW)               ; --                                ; 0.00 mW (0.00 mW)                 ; |GaussianMixtureModel|analogue_front_end:afe_inst|adc:adc_0|adc_modular_adc_0:modular_adc_0|altera_modular_adc_sequencer:sequencer_internal|altera_modular_adc_sequencer_ctrl:u_seq_ctrl                                                                                                                                                                                                                                                                                                                                   ;
;             |altera_reset_controller:rst_controller                                                                  ; 0.00 mW (0.00 mW)                    ; 0.00 mW (0.00 mW)               ; --                                ; 0.00 mW (0.00 mW)                 ; |GaussianMixtureModel|analogue_front_end:afe_inst|adc:adc_0|altera_reset_controller:rst_controller                                                                                                                                                                                                                                                                                                                                                                                                                         ;
;                 |altera_reset_synchronizer:alt_rst_sync_uq1                                                          ; 0.00 mW (0.00 mW)                    ; 0.00 mW (0.00 mW)               ; --                                ; 0.00 mW (0.00 mW)                 ; |GaussianMixtureModel|analogue_front_end:afe_inst|adc:adc_0|altera_reset_controller:rst_controller|altera_reset_synchronizer:alt_rst_sync_uq1                                                                                                                                                                                                                                                                                                                                                                              ;
;         |cordic:adc_mag                                                                                              ; 0.00 mW (0.00 mW)                    ; 0.00 mW (0.00 mW)               ; --                                ; 0.00 mW (0.00 mW)                 ; |GaussianMixtureModel|analogue_front_end:afe_inst|cordic:adc_mag                                                                                                                                                                                                                                                                                                                                                                                                                                                           ;
;             |cordic_CORDIC_0:cordic_0                                                                                ; 0.00 mW (0.00 mW)                    ; 0.00 mW (0.00 mW)               ; --                                ; 0.00 mW (0.00 mW)                 ; |GaussianMixtureModel|analogue_front_end:afe_inst|cordic:adc_mag|cordic_CORDIC_0:cordic_0                                                                                                                                                                                                                                                                                                                                                                                                                                  ;
;                 |lpm_add_sub:Add26                                                                                   ; 0.00 mW (0.00 mW)                    ; 0.00 mW (0.00 mW)               ; --                                ; 0.00 mW (0.00 mW)                 ; |GaussianMixtureModel|analogue_front_end:afe_inst|cordic:adc_mag|cordic_CORDIC_0:cordic_0|lpm_add_sub:Add26                                                                                                                                                                                                                                                                                                                                                                                                                ;
;                     |add_sub_fai:auto_generated                                                                      ; 0.00 mW (0.00 mW)                    ; 0.00 mW (0.00 mW)               ; --                                ; 0.00 mW (0.00 mW)                 ; |GaussianMixtureModel|analogue_front_end:afe_inst|cordic:adc_mag|cordic_CORDIC_0:cordic_0|lpm_add_sub:Add26|add_sub_fai:auto_generated                                                                                                                                                                                                                                                                                                                                                                                     ;
;                 |lpm_add_sub:Add28                                                                                   ; 0.00 mW (0.00 mW)                    ; 0.00 mW (0.00 mW)               ; --                                ; 0.00 mW (0.00 mW)                 ; |GaussianMixtureModel|analogue_front_end:afe_inst|cordic:adc_mag|cordic_CORDIC_0:cordic_0|lpm_add_sub:Add28                                                                                                                                                                                                                                                                                                                                                                                                                ;
;                     |add_sub_1bi:auto_generated                                                                      ; 0.00 mW (0.00 mW)                    ; 0.00 mW (0.00 mW)               ; --                                ; 0.00 mW (0.00 mW)                 ; |GaussianMixtureModel|analogue_front_end:afe_inst|cordic:adc_mag|cordic_CORDIC_0:cordic_0|lpm_add_sub:Add28|add_sub_1bi:auto_generated                                                                                                                                                                                                                                                                                                                                                                                     ;
;                 |lpm_add_sub:Add30                                                                                   ; 0.00 mW (0.00 mW)                    ; 0.00 mW (0.00 mW)               ; --                                ; 0.00 mW (0.00 mW)                 ; |GaussianMixtureModel|analogue_front_end:afe_inst|cordic:adc_mag|cordic_CORDIC_0:cordic_0|lpm_add_sub:Add30                                                                                                                                                                                                                                                                                                                                                                                                                ;
;                     |add_sub_1bi:auto_generated                                                                      ; 0.00 mW (0.00 mW)                    ; 0.00 mW (0.00 mW)               ; --                                ; 0.00 mW (0.00 mW)                 ; |GaussianMixtureModel|analogue_front_end:afe_inst|cordic:adc_mag|cordic_CORDIC_0:cordic_0|lpm_add_sub:Add30|add_sub_1bi:auto_generated                                                                                                                                                                                                                                                                                                                                                                                     ;
;                 |lpm_add_sub:Add32                                                                                   ; 0.00 mW (0.00 mW)                    ; 0.00 mW (0.00 mW)               ; --                                ; 0.00 mW (0.00 mW)                 ; |GaussianMixtureModel|analogue_front_end:afe_inst|cordic:adc_mag|cordic_CORDIC_0:cordic_0|lpm_add_sub:Add32                                                                                                                                                                                                                                                                                                                                                                                                                ;
;                     |add_sub_3bi:auto_generated                                                                      ; 0.00 mW (0.00 mW)                    ; 0.00 mW (0.00 mW)               ; --                                ; 0.00 mW (0.00 mW)                 ; |GaussianMixtureModel|analogue_front_end:afe_inst|cordic:adc_mag|cordic_CORDIC_0:cordic_0|lpm_add_sub:Add32|add_sub_3bi:auto_generated                                                                                                                                                                                                                                                                                                                                                                                     ;
;                 |lpm_add_sub:Add38                                                                                   ; 0.00 mW (0.00 mW)                    ; 0.00 mW (0.00 mW)               ; --                                ; 0.00 mW (0.00 mW)                 ; |GaussianMixtureModel|analogue_front_end:afe_inst|cordic:adc_mag|cordic_CORDIC_0:cordic_0|lpm_add_sub:Add38                                                                                                                                                                                                                                                                                                                                                                                                                ;
;                     |add_sub_1bi:auto_generated                                                                      ; 0.00 mW (0.00 mW)                    ; 0.00 mW (0.00 mW)               ; --                                ; 0.00 mW (0.00 mW)                 ; |GaussianMixtureModel|analogue_front_end:afe_inst|cordic:adc_mag|cordic_CORDIC_0:cordic_0|lpm_add_sub:Add38|add_sub_1bi:auto_generated                                                                                                                                                                                                                                                                                                                                                                                     ;
;                 |lpm_add_sub:Add40                                                                                   ; 0.00 mW (0.00 mW)                    ; 0.00 mW (0.00 mW)               ; --                                ; 0.00 mW (0.00 mW)                 ; |GaussianMixtureModel|analogue_front_end:afe_inst|cordic:adc_mag|cordic_CORDIC_0:cordic_0|lpm_add_sub:Add40                                                                                                                                                                                                                                                                                                                                                                                                                ;
;                     |add_sub_cai:auto_generated                                                                      ; 0.00 mW (0.00 mW)                    ; 0.00 mW (0.00 mW)               ; --                                ; 0.00 mW (0.00 mW)                 ; |GaussianMixtureModel|analogue_front_end:afe_inst|cordic:adc_mag|cordic_CORDIC_0:cordic_0|lpm_add_sub:Add40|add_sub_cai:auto_generated                                                                                                                                                                                                                                                                                                                                                                                     ;
;                 |lpm_add_sub:Add42                                                                                   ; 0.00 mW (0.00 mW)                    ; 0.00 mW (0.00 mW)               ; --                                ; 0.00 mW (0.00 mW)                 ; |GaussianMixtureModel|analogue_front_end:afe_inst|cordic:adc_mag|cordic_CORDIC_0:cordic_0|lpm_add_sub:Add42                                                                                                                                                                                                                                                                                                                                                                                                                ;
;                     |add_sub_0bi:auto_generated                                                                      ; 0.00 mW (0.00 mW)                    ; 0.00 mW (0.00 mW)               ; --                                ; 0.00 mW (0.00 mW)                 ; |GaussianMixtureModel|analogue_front_end:afe_inst|cordic:adc_mag|cordic_CORDIC_0:cordic_0|lpm_add_sub:Add42|add_sub_0bi:auto_generated                                                                                                                                                                                                                                                                                                                                                                                     ;
;                 |lpm_add_sub:Add44                                                                                   ; 0.00 mW (0.00 mW)                    ; 0.00 mW (0.00 mW)               ; --                                ; 0.00 mW (0.00 mW)                 ; |GaussianMixtureModel|analogue_front_end:afe_inst|cordic:adc_mag|cordic_CORDIC_0:cordic_0|lpm_add_sub:Add44                                                                                                                                                                                                                                                                                                                                                                                                                ;
;                     |add_sub_1bi:auto_generated                                                                      ; 0.00 mW (0.00 mW)                    ; 0.00 mW (0.00 mW)               ; --                                ; 0.00 mW (0.00 mW)                 ; |GaussianMixtureModel|analogue_front_end:afe_inst|cordic:adc_mag|cordic_CORDIC_0:cordic_0|lpm_add_sub:Add44|add_sub_1bi:auto_generated                                                                                                                                                                                                                                                                                                                                                                                     ;
;                 |lpm_add_sub:Add46                                                                                   ; 0.00 mW (0.00 mW)                    ; 0.00 mW (0.00 mW)               ; --                                ; 0.00 mW (0.00 mW)                 ; |GaussianMixtureModel|analogue_front_end:afe_inst|cordic:adc_mag|cordic_CORDIC_0:cordic_0|lpm_add_sub:Add46                                                                                                                                                                                                                                                                                                                                                                                                                ;
;                     |add_sub_1bi:auto_generated                                                                      ; 0.00 mW (0.00 mW)                    ; 0.00 mW (0.00 mW)               ; --                                ; 0.00 mW (0.00 mW)                 ; |GaussianMixtureModel|analogue_front_end:afe_inst|cordic:adc_mag|cordic_CORDIC_0:cordic_0|lpm_add_sub:Add46|add_sub_1bi:auto_generated                                                                                                                                                                                                                                                                                                                                                                                     ;
;                 |lpm_add_sub:Add48                                                                                   ; 0.00 mW (0.00 mW)                    ; 0.00 mW (0.00 mW)               ; --                                ; 0.00 mW (0.00 mW)                 ; |GaussianMixtureModel|analogue_front_end:afe_inst|cordic:adc_mag|cordic_CORDIC_0:cordic_0|lpm_add_sub:Add48                                                                                                                                                                                                                                                                                                                                                                                                                ;
;                     |add_sub_2bi:auto_generated                                                                      ; 0.00 mW (0.00 mW)                    ; 0.00 mW (0.00 mW)               ; --                                ; 0.00 mW (0.00 mW)                 ; |GaussianMixtureModel|analogue_front_end:afe_inst|cordic:adc_mag|cordic_CORDIC_0:cordic_0|lpm_add_sub:Add48|add_sub_2bi:auto_generated                                                                                                                                                                                                                                                                                                                                                                                     ;
;                 |dspba_delay:redist0_twoToMiSiYip_uid253_vecTranslateTest_b_1                                        ; 0.00 mW (0.00 mW)                    ; 0.00 mW (0.00 mW)               ; --                                ; 0.00 mW (0.00 mW)                 ; |GaussianMixtureModel|analogue_front_end:afe_inst|cordic:adc_mag|cordic_CORDIC_0:cordic_0|dspba_delay:redist0_twoToMiSiYip_uid253_vecTranslateTest_b_1                                                                                                                                                                                                                                                                                                                                                                     ;
;                 |dspba_delay:redist2_xip1_13_uid245_vecTranslateTest_b_1                                             ; 0.00 mW (0.00 mW)                    ; 0.00 mW (0.00 mW)               ; --                                ; 0.00 mW (0.00 mW)                 ; |GaussianMixtureModel|analogue_front_end:afe_inst|cordic:adc_mag|cordic_CORDIC_0:cordic_0|dspba_delay:redist2_xip1_13_uid245_vecTranslateTest_b_1                                                                                                                                                                                                                                                                                                                                                                          ;
;                 |dspba_delay:redist7_yip1_9_uid178_vecTranslateTest_b_1                                              ; 0.00 mW (0.00 mW)                    ; 0.00 mW (0.00 mW)               ; --                                ; 0.00 mW (0.00 mW)                 ; |GaussianMixtureModel|analogue_front_end:afe_inst|cordic:adc_mag|cordic_CORDIC_0:cordic_0|dspba_delay:redist7_yip1_9_uid178_vecTranslateTest_b_1                                                                                                                                                                                                                                                                                                                                                                           ;
;                 |dspba_delay:redist8_xip1_9_uid177_vecTranslateTest_b_1                                              ; 0.00 mW (0.00 mW)                    ; 0.00 mW (0.00 mW)               ; --                                ; 0.00 mW (0.00 mW)                 ; |GaussianMixtureModel|analogue_front_end:afe_inst|cordic:adc_mag|cordic_CORDIC_0:cordic_0|dspba_delay:redist8_xip1_9_uid177_vecTranslateTest_b_1                                                                                                                                                                                                                                                                                                                                                                           ;
;                 |dspba_delay:redist14_yip1_4_uid87_vecTranslateTest_b_1                                              ; 0.00 mW (0.00 mW)                    ; 0.00 mW (0.00 mW)               ; --                                ; 0.00 mW (0.00 mW)                 ; |GaussianMixtureModel|analogue_front_end:afe_inst|cordic:adc_mag|cordic_CORDIC_0:cordic_0|dspba_delay:redist14_yip1_4_uid87_vecTranslateTest_b_1                                                                                                                                                                                                                                                                                                                                                                           ;
;                 |dspba_delay:redist15_xip1_4_uid86_vecTranslateTest_b_1                                              ; 0.00 mW (0.00 mW)                    ; 0.00 mW (0.00 mW)               ; --                                ; 0.00 mW (0.00 mW)                 ; |GaussianMixtureModel|analogue_front_end:afe_inst|cordic:adc_mag|cordic_CORDIC_0:cordic_0|dspba_delay:redist15_xip1_4_uid86_vecTranslateTest_b_1                                                                                                                                                                                                                                                                                                                                                                           ;
;         |pll:pll_2                                                                                                   ; 0.00 mW (0.00 mW)                    ; 0.00 mW (0.00 mW)               ; --                                ; 0.00 mW (0.00 mW)                 ; |GaussianMixtureModel|analogue_front_end:afe_inst|pll:pll_2                                                                                                                                                                                                                                                                                                                                                                                                                                                                ;
;             |altpll:altpll_component                                                                                 ; 0.00 mW (0.00 mW)                    ; 0.00 mW (0.00 mW)               ; --                                ; 0.00 mW (0.00 mW)                 ; |GaussianMixtureModel|analogue_front_end:afe_inst|pll:pll_2|altpll:altpll_component                                                                                                                                                                                                                                                                                                                                                                                                                                        ;
;                 |pll_altpll1:auto_generated                                                                          ; 0.00 mW (0.00 mW)                    ; 0.00 mW (0.00 mW)               ; --                                ; 0.00 mW (0.00 mW)                 ; |GaussianMixtureModel|analogue_front_end:afe_inst|pll:pll_2|altpll:altpll_component|pll_altpll1:auto_generated                                                                                                                                                                                                                                                                                                                                                                                                             ;
;     |hard_block:auto_generated_inst                                                                                  ; 0.00 mW (0.00 mW)                    ; 0.00 mW (0.00 mW)               ; --                                ; 0.00 mW (0.00 mW)                 ; |GaussianMixtureModel|hard_block:auto_generated_inst                                                                                                                                                                                                                                                                                                                                                                                                                                                                       ;
;     |dc_offset:dcOffset_inst                                                                                         ; 0.00 mW (0.00 mW)                    ; 0.00 mW (0.00 mW)               ; --                                ; 0.00 mW (0.00 mW)                 ; |GaussianMixtureModel|dc_offset:dcOffset_inst                                                                                                                                                                                                                                                                                                                                                                                                                                                                              ;
;         |dc_offset_fifo:dc_offset_fifo_inst                                                                          ; 0.00 mW (0.00 mW)                    ; 0.00 mW (0.00 mW)               ; --                                ; 0.00 mW (0.00 mW)                 ; |GaussianMixtureModel|dc_offset:dcOffset_inst|dc_offset_fifo:dc_offset_fifo_inst                                                                                                                                                                                                                                                                                                                                                                                                                                           ;
;             |scfifo:scfifo_component                                                                                 ; 0.00 mW (0.00 mW)                    ; 0.00 mW (0.00 mW)               ; --                                ; 0.00 mW (0.00 mW)                 ; |GaussianMixtureModel|dc_offset:dcOffset_inst|dc_offset_fifo:dc_offset_fifo_inst|scfifo:scfifo_component                                                                                                                                                                                                                                                                                                                                                                                                                   ;
;                 |scfifo_fr21:auto_generated                                                                          ; 0.00 mW (0.00 mW)                    ; 0.00 mW (0.00 mW)               ; --                                ; 0.00 mW (0.00 mW)                 ; |GaussianMixtureModel|dc_offset:dcOffset_inst|dc_offset_fifo:dc_offset_fifo_inst|scfifo:scfifo_component|scfifo_fr21:auto_generated                                                                                                                                                                                                                                                                                                                                                                                        ;
;                     |a_dpfifo_2j21:dpfifo                                                                            ; 0.00 mW (0.00 mW)                    ; 0.00 mW (0.00 mW)               ; --                                ; 0.00 mW (0.00 mW)                 ; |GaussianMixtureModel|dc_offset:dcOffset_inst|dc_offset_fifo:dc_offset_fifo_inst|scfifo:scfifo_component|scfifo_fr21:auto_generated|a_dpfifo_2j21:dpfifo                                                                                                                                                                                                                                                                                                                                                                   ;
;                         |altsyncram_9db1:FIFOram                                                                     ; 0.00 mW (0.00 mW)                    ; 0.00 mW (0.00 mW)               ; --                                ; 0.00 mW (0.00 mW)                 ; |GaussianMixtureModel|dc_offset:dcOffset_inst|dc_offset_fifo:dc_offset_fifo_inst|scfifo:scfifo_component|scfifo_fr21:auto_generated|a_dpfifo_2j21:dpfifo|altsyncram_9db1:FIFOram                                                                                                                                                                                                                                                                                                                                           ;
;                         |cntr_oka:rd_ptr_msb                                                                         ; 0.00 mW (0.00 mW)                    ; 0.00 mW (0.00 mW)               ; --                                ; 0.00 mW (0.00 mW)                 ; |GaussianMixtureModel|dc_offset:dcOffset_inst|dc_offset_fifo:dc_offset_fifo_inst|scfifo:scfifo_component|scfifo_fr21:auto_generated|a_dpfifo_2j21:dpfifo|cntr_oka:rd_ptr_msb                                                                                                                                                                                                                                                                                                                                               ;
;                         |cntr_cm6:usedw_counter                                                                      ; 0.00 mW (0.00 mW)                    ; 0.00 mW (0.00 mW)               ; --                                ; 0.00 mW (0.00 mW)                 ; |GaussianMixtureModel|dc_offset:dcOffset_inst|dc_offset_fifo:dc_offset_fifo_inst|scfifo:scfifo_component|scfifo_fr21:auto_generated|a_dpfifo_2j21:dpfifo|cntr_cm6:usedw_counter                                                                                                                                                                                                                                                                                                                                            ;
;                         |cntr_0ma:wr_ptr                                                                             ; 0.00 mW (0.00 mW)                    ; 0.00 mW (0.00 mW)               ; --                                ; 0.00 mW (0.00 mW)                 ; |GaussianMixtureModel|dc_offset:dcOffset_inst|dc_offset_fifo:dc_offset_fifo_inst|scfifo:scfifo_component|scfifo_fr21:auto_generated|a_dpfifo_2j21:dpfifo|cntr_0ma:wr_ptr                                                                                                                                                                                                                                                                                                                                                   ;
;     |fft_wrapper:fft_inst                                                                                            ; 0.00 mW (0.00 mW)                    ; 0.00 mW (0.00 mW)               ; --                                ; 0.00 mW (0.00 mW)                 ; |GaussianMixtureModel|fft_wrapper:fft_inst                                                                                                                                                                                                                                                                                                                                                                                                                                                                                 ;
;         |fft:fft_1                                                                                                   ; 0.00 mW (0.00 mW)                    ; 0.00 mW (0.00 mW)               ; --                                ; 0.00 mW (0.00 mW)                 ; |GaussianMixtureModel|fft_wrapper:fft_inst|fft:fft_1                                                                                                                                                                                                                                                                                                                                                                                                                                                                       ;
;             |fft_fft_ii_0:fft_ii_0                                                                                   ; 0.00 mW (0.00 mW)                    ; 0.00 mW (0.00 mW)               ; --                                ; 0.00 mW (0.00 mW)                 ; |GaussianMixtureModel|fft_wrapper:fft_inst|fft:fft_1|fft_fft_ii_0:fft_ii_0                                                                                                                                                                                                                                                                                                                                                                                                                                                 ;
;                 |auk_dspip_r22sdf_top:auk_dspip_r22sdf_top_inst                                                      ; 0.00 mW (0.00 mW)                    ; 0.00 mW (0.00 mW)               ; --                                ; 0.00 mW (0.00 mW)                 ; |GaussianMixtureModel|fft_wrapper:fft_inst|fft:fft_1|fft_fft_ii_0:fft_ii_0|auk_dspip_r22sdf_top:auk_dspip_r22sdf_top_inst                                                                                                                                                                                                                                                                                                                                                                                                  ;
;                     |auk_dspip_bit_reverse_core:\generate_bit_reverse_module:bit_reverse_inst                        ; 0.00 mW (0.00 mW)                    ; 0.00 mW (0.00 mW)               ; --                                ; 0.00 mW (0.00 mW)                 ; |GaussianMixtureModel|fft_wrapper:fft_inst|fft:fft_1|fft_fft_ii_0:fft_ii_0|auk_dspip_r22sdf_top:auk_dspip_r22sdf_top_inst|auk_dspip_bit_reverse_core:\generate_bit_reverse_module:bit_reverse_inst                                                                                                                                                                                                                                                                                                                         ;
;                         |auk_dspip_bit_reverse_addr_control:rd_addr_inst                                             ; 0.00 mW (0.00 mW)                    ; 0.00 mW (0.00 mW)               ; --                                ; 0.00 mW (0.00 mW)                 ; |GaussianMixtureModel|fft_wrapper:fft_inst|fft:fft_1|fft_fft_ii_0:fft_ii_0|auk_dspip_r22sdf_top:auk_dspip_r22sdf_top_inst|auk_dspip_bit_reverse_core:\generate_bit_reverse_module:bit_reverse_inst|auk_dspip_bit_reverse_addr_control:rd_addr_inst                                                                                                                                                                                                                                                                         ;
;                             |auk_dspip_bit_reverse_reverse_carry_adder:reverse_carry_adder_inst                      ; 0.00 mW (0.00 mW)                    ; 0.00 mW (0.00 mW)               ; --                                ; 0.00 mW (0.00 mW)                 ; |GaussianMixtureModel|fft_wrapper:fft_inst|fft:fft_1|fft_fft_ii_0:fft_ii_0|auk_dspip_r22sdf_top:auk_dspip_r22sdf_top_inst|auk_dspip_bit_reverse_core:\generate_bit_reverse_module:bit_reverse_inst|auk_dspip_bit_reverse_addr_control:rd_addr_inst|auk_dspip_bit_reverse_reverse_carry_adder:reverse_carry_adder_inst                                                                                                                                                                                                      ;
;                         |altera_fft_dual_port_ram:real_buf                                                           ; 0.00 mW (0.00 mW)                    ; 0.00 mW (0.00 mW)               ; --                                ; 0.00 mW (0.00 mW)                 ; |GaussianMixtureModel|fft_wrapper:fft_inst|fft:fft_1|fft_fft_ii_0:fft_ii_0|auk_dspip_r22sdf_top:auk_dspip_r22sdf_top_inst|auk_dspip_bit_reverse_core:\generate_bit_reverse_module:bit_reverse_inst|altera_fft_dual_port_ram:real_buf                                                                                                                                                                                                                                                                                       ;
;                             |altsyncram:\old_ram_gen:old_ram_component                                               ; 0.00 mW (0.00 mW)                    ; 0.00 mW (0.00 mW)               ; --                                ; 0.00 mW (0.00 mW)                 ; |GaussianMixtureModel|fft_wrapper:fft_inst|fft:fft_1|fft_fft_ii_0:fft_ii_0|auk_dspip_r22sdf_top:auk_dspip_r22sdf_top_inst|auk_dspip_bit_reverse_core:\generate_bit_reverse_module:bit_reverse_inst|altera_fft_dual_port_ram:real_buf|altsyncram:\old_ram_gen:old_ram_component                                                                                                                                                                                                                                             ;
;                                 |altsyncram_jgp3:auto_generated                                                      ; 0.00 mW (0.00 mW)                    ; 0.00 mW (0.00 mW)               ; --                                ; 0.00 mW (0.00 mW)                 ; |GaussianMixtureModel|fft_wrapper:fft_inst|fft:fft_1|fft_fft_ii_0:fft_ii_0|auk_dspip_r22sdf_top:auk_dspip_r22sdf_top_inst|auk_dspip_bit_reverse_core:\generate_bit_reverse_module:bit_reverse_inst|altera_fft_dual_port_ram:real_buf|altsyncram:\old_ram_gen:old_ram_component|altsyncram_jgp3:auto_generated                                                                                                                                                                                                              ;
;                         |auk_dspip_bit_reverse_addr_control:wr_addr_inst                                             ; 0.00 mW (0.00 mW)                    ; 0.00 mW (0.00 mW)               ; --                                ; 0.00 mW (0.00 mW)                 ; |GaussianMixtureModel|fft_wrapper:fft_inst|fft:fft_1|fft_fft_ii_0:fft_ii_0|auk_dspip_r22sdf_top:auk_dspip_r22sdf_top_inst|auk_dspip_bit_reverse_core:\generate_bit_reverse_module:bit_reverse_inst|auk_dspip_bit_reverse_addr_control:wr_addr_inst                                                                                                                                                                                                                                                                         ;
;                             |auk_dspip_bit_reverse_reverse_carry_adder:reverse_carry_adder_inst                      ; 0.00 mW (0.00 mW)                    ; 0.00 mW (0.00 mW)               ; --                                ; 0.00 mW (0.00 mW)                 ; |GaussianMixtureModel|fft_wrapper:fft_inst|fft:fft_1|fft_fft_ii_0:fft_ii_0|auk_dspip_r22sdf_top:auk_dspip_r22sdf_top_inst|auk_dspip_bit_reverse_core:\generate_bit_reverse_module:bit_reverse_inst|auk_dspip_bit_reverse_addr_control:wr_addr_inst|auk_dspip_bit_reverse_reverse_carry_adder:reverse_carry_adder_inst                                                                                                                                                                                                      ;
;                     |auk_dspip_r22sdf_core:r22sdf_core_inst                                                          ; 0.00 mW (0.00 mW)                    ; 0.00 mW (0.00 mW)               ; --                                ; 0.00 mW (0.00 mW)                 ; |GaussianMixtureModel|fft_wrapper:fft_inst|fft:fft_1|fft_fft_ii_0:fft_ii_0|auk_dspip_r22sdf_top:auk_dspip_r22sdf_top_inst|auk_dspip_r22sdf_core:r22sdf_core_inst                                                                                                                                                                                                                                                                                                                                                           ;
;                         |auk_dspip_r22sdf_stg_pipe:\gen_natural_order_core:gen_stages:0:gen_stg_connect:stg_connect  ; 0.00 mW (0.00 mW)                    ; 0.00 mW (0.00 mW)               ; --                                ; 0.00 mW (0.00 mW)                 ; |GaussianMixtureModel|fft_wrapper:fft_inst|fft:fft_1|fft_fft_ii_0:fft_ii_0|auk_dspip_r22sdf_top:auk_dspip_r22sdf_top_inst|auk_dspip_r22sdf_core:r22sdf_core_inst|auk_dspip_r22sdf_stg_pipe:\gen_natural_order_core:gen_stages:0:gen_stg_connect:stg_connect                                                                                                                                                                                                                                                                ;
;                         |auk_dspip_r22sdf_stage:\gen_natural_order_core:gen_stages:0:r22_stage                       ; 0.00 mW (0.00 mW)                    ; 0.00 mW (0.00 mW)               ; --                                ; 0.00 mW (0.00 mW)                 ; |GaussianMixtureModel|fft_wrapper:fft_inst|fft:fft_1|fft_fft_ii_0:fft_ii_0|auk_dspip_r22sdf_top:auk_dspip_r22sdf_top_inst|auk_dspip_r22sdf_core:r22sdf_core_inst|auk_dspip_r22sdf_stage:\gen_natural_order_core:gen_stages:0:r22_stage                                                                                                                                                                                                                                                                                     ;
;                             |auk_dspip_r22sdf_delay:\gen_bfi:bfi_delblk_real                                         ; 0.00 mW (0.00 mW)                    ; 0.00 mW (0.00 mW)               ; --                                ; 0.00 mW (0.00 mW)                 ; |GaussianMixtureModel|fft_wrapper:fft_inst|fft:fft_1|fft_fft_ii_0:fft_ii_0|auk_dspip_r22sdf_top:auk_dspip_r22sdf_top_inst|auk_dspip_r22sdf_core:r22sdf_core_inst|auk_dspip_r22sdf_stage:\gen_natural_order_core:gen_stages:0:r22_stage|auk_dspip_r22sdf_delay:\gen_bfi:bfi_delblk_real                                                                                                                                                                                                                                     ;
;                                 |counter_module:\gen_m4k_delay:move_rdptr_inst                                       ; 0.00 mW (0.00 mW)                    ; 0.00 mW (0.00 mW)               ; --                                ; 0.00 mW (0.00 mW)                 ; |GaussianMixtureModel|fft_wrapper:fft_inst|fft:fft_1|fft_fft_ii_0:fft_ii_0|auk_dspip_r22sdf_top:auk_dspip_r22sdf_top_inst|auk_dspip_r22sdf_core:r22sdf_core_inst|auk_dspip_r22sdf_stage:\gen_natural_order_core:gen_stages:0:r22_stage|auk_dspip_r22sdf_delay:\gen_bfi:bfi_delblk_real|counter_module:\gen_m4k_delay:move_rdptr_inst                                                                                                                                                                                       ;
;                                 |counter_module:\gen_m4k_delay:move_wrptr_inst                                       ; 0.00 mW (0.00 mW)                    ; 0.00 mW (0.00 mW)               ; --                                ; 0.00 mW (0.00 mW)                 ; |GaussianMixtureModel|fft_wrapper:fft_inst|fft:fft_1|fft_fft_ii_0:fft_ii_0|auk_dspip_r22sdf_top:auk_dspip_r22sdf_top_inst|auk_dspip_r22sdf_core:r22sdf_core_inst|auk_dspip_r22sdf_stage:\gen_natural_order_core:gen_stages:0:r22_stage|auk_dspip_r22sdf_delay:\gen_bfi:bfi_delblk_real|counter_module:\gen_m4k_delay:move_wrptr_inst                                                                                                                                                                                       ;
;                                 |altera_fft_dual_port_ram:\gen_m4k_delay:ram_component                               ; 0.00 mW (0.00 mW)                    ; 0.00 mW (0.00 mW)               ; --                                ; 0.00 mW (0.00 mW)                 ; |GaussianMixtureModel|fft_wrapper:fft_inst|fft:fft_1|fft_fft_ii_0:fft_ii_0|auk_dspip_r22sdf_top:auk_dspip_r22sdf_top_inst|auk_dspip_r22sdf_core:r22sdf_core_inst|auk_dspip_r22sdf_stage:\gen_natural_order_core:gen_stages:0:r22_stage|auk_dspip_r22sdf_delay:\gen_bfi:bfi_delblk_real|altera_fft_dual_port_ram:\gen_m4k_delay:ram_component                                                                                                                                                                               ;
;                                     |altsyncram:\old_ram_gen:old_ram_component                                       ; 0.00 mW (0.00 mW)                    ; 0.00 mW (0.00 mW)               ; --                                ; 0.00 mW (0.00 mW)                 ; |GaussianMixtureModel|fft_wrapper:fft_inst|fft:fft_1|fft_fft_ii_0:fft_ii_0|auk_dspip_r22sdf_top:auk_dspip_r22sdf_top_inst|auk_dspip_r22sdf_core:r22sdf_core_inst|auk_dspip_r22sdf_stage:\gen_natural_order_core:gen_stages:0:r22_stage|auk_dspip_r22sdf_delay:\gen_bfi:bfi_delblk_real|altera_fft_dual_port_ram:\gen_m4k_delay:ram_component|altsyncram:\old_ram_gen:old_ram_component                                                                                                                                     ;
;                                         |altsyncram_oep3:auto_generated                                              ; 0.00 mW (0.00 mW)                    ; 0.00 mW (0.00 mW)               ; --                                ; 0.00 mW (0.00 mW)                 ; |GaussianMixtureModel|fft_wrapper:fft_inst|fft:fft_1|fft_fft_ii_0:fft_ii_0|auk_dspip_r22sdf_top:auk_dspip_r22sdf_top_inst|auk_dspip_r22sdf_core:r22sdf_core_inst|auk_dspip_r22sdf_stage:\gen_natural_order_core:gen_stages:0:r22_stage|auk_dspip_r22sdf_delay:\gen_bfi:bfi_delblk_real|altera_fft_dual_port_ram:\gen_m4k_delay:ram_component|altsyncram:\old_ram_gen:old_ram_component|altsyncram_oep3:auto_generated                                                                                                      ;
;                             |auk_dspip_r22sdf_bfi:\gen_bfi:bfi_inst                                                  ; 0.00 mW (0.00 mW)                    ; 0.00 mW (0.00 mW)               ; --                                ; 0.00 mW (0.00 mW)                 ; |GaussianMixtureModel|fft_wrapper:fft_inst|fft:fft_1|fft_fft_ii_0:fft_ii_0|auk_dspip_r22sdf_top:auk_dspip_r22sdf_top_inst|auk_dspip_r22sdf_core:r22sdf_core_inst|auk_dspip_r22sdf_stage:\gen_natural_order_core:gen_stages:0:r22_stage|auk_dspip_r22sdf_bfi:\gen_bfi:bfi_inst                                                                                                                                                                                                                                              ;
;                                 |auk_dspip_r22sdf_bf_control:bf_control_inst                                         ; 0.00 mW (0.00 mW)                    ; 0.00 mW (0.00 mW)               ; --                                ; 0.00 mW (0.00 mW)                 ; |GaussianMixtureModel|fft_wrapper:fft_inst|fft:fft_1|fft_fft_ii_0:fft_ii_0|auk_dspip_r22sdf_top:auk_dspip_r22sdf_top_inst|auk_dspip_r22sdf_core:r22sdf_core_inst|auk_dspip_r22sdf_stage:\gen_natural_order_core:gen_stages:0:r22_stage|auk_dspip_r22sdf_bfi:\gen_bfi:bfi_inst|auk_dspip_r22sdf_bf_control:bf_control_inst                                                                                                                                                                                                  ;
;                                     |auk_dspip_r22sdf_counter:bf_counter_inst                                        ; 0.00 mW (0.00 mW)                    ; 0.00 mW (0.00 mW)               ; --                                ; 0.00 mW (0.00 mW)                 ; |GaussianMixtureModel|fft_wrapper:fft_inst|fft:fft_1|fft_fft_ii_0:fft_ii_0|auk_dspip_r22sdf_top:auk_dspip_r22sdf_top_inst|auk_dspip_r22sdf_core:r22sdf_core_inst|auk_dspip_r22sdf_stage:\gen_natural_order_core:gen_stages:0:r22_stage|auk_dspip_r22sdf_bfi:\gen_bfi:bfi_inst|auk_dspip_r22sdf_bf_control:bf_control_inst|auk_dspip_r22sdf_counter:bf_counter_inst                                                                                                                                                         ;
;                                 |auk_dspip_r22sdf_addsub:del_in_imag_comp_inst                                       ; 0.00 mW (0.00 mW)                    ; 0.00 mW (0.00 mW)               ; --                                ; 0.00 mW (0.00 mW)                 ; |GaussianMixtureModel|fft_wrapper:fft_inst|fft:fft_1|fft_fft_ii_0:fft_ii_0|auk_dspip_r22sdf_top:auk_dspip_r22sdf_top_inst|auk_dspip_r22sdf_core:r22sdf_core_inst|auk_dspip_r22sdf_stage:\gen_natural_order_core:gen_stages:0:r22_stage|auk_dspip_r22sdf_bfi:\gen_bfi:bfi_inst|auk_dspip_r22sdf_addsub:del_in_imag_comp_inst                                                                                                                                                                                                ;
;                                     |lpm_add_sub:\gen_fixed:lpm_add_sub_component                                    ; 0.00 mW (0.00 mW)                    ; 0.00 mW (0.00 mW)               ; --                                ; 0.00 mW (0.00 mW)                 ; |GaussianMixtureModel|fft_wrapper:fft_inst|fft:fft_1|fft_fft_ii_0:fft_ii_0|auk_dspip_r22sdf_top:auk_dspip_r22sdf_top_inst|auk_dspip_r22sdf_core:r22sdf_core_inst|auk_dspip_r22sdf_stage:\gen_natural_order_core:gen_stages:0:r22_stage|auk_dspip_r22sdf_bfi:\gen_bfi:bfi_inst|auk_dspip_r22sdf_addsub:del_in_imag_comp_inst|lpm_add_sub:\gen_fixed:lpm_add_sub_component                                                                                                                                                   ;
;                                         |add_sub_api:auto_generated                                                  ; 0.00 mW (0.00 mW)                    ; 0.00 mW (0.00 mW)               ; --                                ; 0.00 mW (0.00 mW)                 ; |GaussianMixtureModel|fft_wrapper:fft_inst|fft:fft_1|fft_fft_ii_0:fft_ii_0|auk_dspip_r22sdf_top:auk_dspip_r22sdf_top_inst|auk_dspip_r22sdf_core:r22sdf_core_inst|auk_dspip_r22sdf_stage:\gen_natural_order_core:gen_stages:0:r22_stage|auk_dspip_r22sdf_bfi:\gen_bfi:bfi_inst|auk_dspip_r22sdf_addsub:del_in_imag_comp_inst|lpm_add_sub:\gen_fixed:lpm_add_sub_component|add_sub_api:auto_generated                                                                                                                        ;
;                                 |auk_dspip_r22sdf_addsub:del_in_real_comp_inst                                       ; 0.00 mW (0.00 mW)                    ; 0.00 mW (0.00 mW)               ; --                                ; 0.00 mW (0.00 mW)                 ; |GaussianMixtureModel|fft_wrapper:fft_inst|fft:fft_1|fft_fft_ii_0:fft_ii_0|auk_dspip_r22sdf_top:auk_dspip_r22sdf_top_inst|auk_dspip_r22sdf_core:r22sdf_core_inst|auk_dspip_r22sdf_stage:\gen_natural_order_core:gen_stages:0:r22_stage|auk_dspip_r22sdf_bfi:\gen_bfi:bfi_inst|auk_dspip_r22sdf_addsub:del_in_real_comp_inst                                                                                                                                                                                                ;
;                                     |lpm_add_sub:\gen_fixed:lpm_add_sub_component                                    ; 0.00 mW (0.00 mW)                    ; 0.00 mW (0.00 mW)               ; --                                ; 0.00 mW (0.00 mW)                 ; |GaussianMixtureModel|fft_wrapper:fft_inst|fft:fft_1|fft_fft_ii_0:fft_ii_0|auk_dspip_r22sdf_top:auk_dspip_r22sdf_top_inst|auk_dspip_r22sdf_core:r22sdf_core_inst|auk_dspip_r22sdf_stage:\gen_natural_order_core:gen_stages:0:r22_stage|auk_dspip_r22sdf_bfi:\gen_bfi:bfi_inst|auk_dspip_r22sdf_addsub:del_in_real_comp_inst|lpm_add_sub:\gen_fixed:lpm_add_sub_component                                                                                                                                                   ;
;                                         |add_sub_api:auto_generated                                                  ; 0.00 mW (0.00 mW)                    ; 0.00 mW (0.00 mW)               ; --                                ; 0.00 mW (0.00 mW)                 ; |GaussianMixtureModel|fft_wrapper:fft_inst|fft:fft_1|fft_fft_ii_0:fft_ii_0|auk_dspip_r22sdf_top:auk_dspip_r22sdf_top_inst|auk_dspip_r22sdf_core:r22sdf_core_inst|auk_dspip_r22sdf_stage:\gen_natural_order_core:gen_stages:0:r22_stage|auk_dspip_r22sdf_bfi:\gen_bfi:bfi_inst|auk_dspip_r22sdf_addsub:del_in_real_comp_inst|lpm_add_sub:\gen_fixed:lpm_add_sub_component|add_sub_api:auto_generated                                                                                                                        ;
;                                 |auk_dspip_r22sdf_addsub:in_imag_comp_inst                                           ; 0.00 mW (0.00 mW)                    ; 0.00 mW (0.00 mW)               ; --                                ; 0.00 mW (0.00 mW)                 ; |GaussianMixtureModel|fft_wrapper:fft_inst|fft:fft_1|fft_fft_ii_0:fft_ii_0|auk_dspip_r22sdf_top:auk_dspip_r22sdf_top_inst|auk_dspip_r22sdf_core:r22sdf_core_inst|auk_dspip_r22sdf_stage:\gen_natural_order_core:gen_stages:0:r22_stage|auk_dspip_r22sdf_bfi:\gen_bfi:bfi_inst|auk_dspip_r22sdf_addsub:in_imag_comp_inst                                                                                                                                                                                                    ;
;                                     |lpm_add_sub:\gen_fixed:lpm_add_sub_component                                    ; 0.00 mW (0.00 mW)                    ; 0.00 mW (0.00 mW)               ; --                                ; 0.00 mW (0.00 mW)                 ; |GaussianMixtureModel|fft_wrapper:fft_inst|fft:fft_1|fft_fft_ii_0:fft_ii_0|auk_dspip_r22sdf_top:auk_dspip_r22sdf_top_inst|auk_dspip_r22sdf_core:r22sdf_core_inst|auk_dspip_r22sdf_stage:\gen_natural_order_core:gen_stages:0:r22_stage|auk_dspip_r22sdf_bfi:\gen_bfi:bfi_inst|auk_dspip_r22sdf_addsub:in_imag_comp_inst|lpm_add_sub:\gen_fixed:lpm_add_sub_component                                                                                                                                                       ;
;                                         |add_sub_api:auto_generated                                                  ; 0.00 mW (0.00 mW)                    ; 0.00 mW (0.00 mW)               ; --                                ; 0.00 mW (0.00 mW)                 ; |GaussianMixtureModel|fft_wrapper:fft_inst|fft:fft_1|fft_fft_ii_0:fft_ii_0|auk_dspip_r22sdf_top:auk_dspip_r22sdf_top_inst|auk_dspip_r22sdf_core:r22sdf_core_inst|auk_dspip_r22sdf_stage:\gen_natural_order_core:gen_stages:0:r22_stage|auk_dspip_r22sdf_bfi:\gen_bfi:bfi_inst|auk_dspip_r22sdf_addsub:in_imag_comp_inst|lpm_add_sub:\gen_fixed:lpm_add_sub_component|add_sub_api:auto_generated                                                                                                                            ;
;                                 |auk_dspip_r22sdf_addsub:in_real_comp_inst                                           ; 0.00 mW (0.00 mW)                    ; 0.00 mW (0.00 mW)               ; --                                ; 0.00 mW (0.00 mW)                 ; |GaussianMixtureModel|fft_wrapper:fft_inst|fft:fft_1|fft_fft_ii_0:fft_ii_0|auk_dspip_r22sdf_top:auk_dspip_r22sdf_top_inst|auk_dspip_r22sdf_core:r22sdf_core_inst|auk_dspip_r22sdf_stage:\gen_natural_order_core:gen_stages:0:r22_stage|auk_dspip_r22sdf_bfi:\gen_bfi:bfi_inst|auk_dspip_r22sdf_addsub:in_real_comp_inst                                                                                                                                                                                                    ;
;                                     |lpm_add_sub:\gen_fixed:lpm_add_sub_component                                    ; 0.00 mW (0.00 mW)                    ; 0.00 mW (0.00 mW)               ; --                                ; 0.00 mW (0.00 mW)                 ; |GaussianMixtureModel|fft_wrapper:fft_inst|fft:fft_1|fft_fft_ii_0:fft_ii_0|auk_dspip_r22sdf_top:auk_dspip_r22sdf_top_inst|auk_dspip_r22sdf_core:r22sdf_core_inst|auk_dspip_r22sdf_stage:\gen_natural_order_core:gen_stages:0:r22_stage|auk_dspip_r22sdf_bfi:\gen_bfi:bfi_inst|auk_dspip_r22sdf_addsub:in_real_comp_inst|lpm_add_sub:\gen_fixed:lpm_add_sub_component                                                                                                                                                       ;
;                                         |add_sub_api:auto_generated                                                  ; 0.00 mW (0.00 mW)                    ; 0.00 mW (0.00 mW)               ; --                                ; 0.00 mW (0.00 mW)                 ; |GaussianMixtureModel|fft_wrapper:fft_inst|fft:fft_1|fft_fft_ii_0:fft_ii_0|auk_dspip_r22sdf_top:auk_dspip_r22sdf_top_inst|auk_dspip_r22sdf_core:r22sdf_core_inst|auk_dspip_r22sdf_stage:\gen_natural_order_core:gen_stages:0:r22_stage|auk_dspip_r22sdf_bfi:\gen_bfi:bfi_inst|auk_dspip_r22sdf_addsub:in_real_comp_inst|lpm_add_sub:\gen_fixed:lpm_add_sub_component|add_sub_api:auto_generated                                                                                                                            ;
;                             |auk_dspip_r22sdf_delay:\gen_bfii:bfii_delblk_real                                       ; 0.00 mW (0.00 mW)                    ; 0.00 mW (0.00 mW)               ; --                                ; 0.00 mW (0.00 mW)                 ; |GaussianMixtureModel|fft_wrapper:fft_inst|fft:fft_1|fft_fft_ii_0:fft_ii_0|auk_dspip_r22sdf_top:auk_dspip_r22sdf_top_inst|auk_dspip_r22sdf_core:r22sdf_core_inst|auk_dspip_r22sdf_stage:\gen_natural_order_core:gen_stages:0:r22_stage|auk_dspip_r22sdf_delay:\gen_bfii:bfii_delblk_real                                                                                                                                                                                                                                   ;
;                                 |counter_module:\gen_m4k_delay:move_rdptr_inst                                       ; 0.00 mW (0.00 mW)                    ; 0.00 mW (0.00 mW)               ; --                                ; 0.00 mW (0.00 mW)                 ; |GaussianMixtureModel|fft_wrapper:fft_inst|fft:fft_1|fft_fft_ii_0:fft_ii_0|auk_dspip_r22sdf_top:auk_dspip_r22sdf_top_inst|auk_dspip_r22sdf_core:r22sdf_core_inst|auk_dspip_r22sdf_stage:\gen_natural_order_core:gen_stages:0:r22_stage|auk_dspip_r22sdf_delay:\gen_bfii:bfii_delblk_real|counter_module:\gen_m4k_delay:move_rdptr_inst                                                                                                                                                                                     ;
;                                 |counter_module:\gen_m4k_delay:move_wrptr_inst                                       ; 0.00 mW (0.00 mW)                    ; 0.00 mW (0.00 mW)               ; --                                ; 0.00 mW (0.00 mW)                 ; |GaussianMixtureModel|fft_wrapper:fft_inst|fft:fft_1|fft_fft_ii_0:fft_ii_0|auk_dspip_r22sdf_top:auk_dspip_r22sdf_top_inst|auk_dspip_r22sdf_core:r22sdf_core_inst|auk_dspip_r22sdf_stage:\gen_natural_order_core:gen_stages:0:r22_stage|auk_dspip_r22sdf_delay:\gen_bfii:bfii_delblk_real|counter_module:\gen_m4k_delay:move_wrptr_inst                                                                                                                                                                                     ;
;                                 |altera_fft_dual_port_ram:\gen_m4k_delay:ram_component                               ; 0.00 mW (0.00 mW)                    ; 0.00 mW (0.00 mW)               ; --                                ; 0.00 mW (0.00 mW)                 ; |GaussianMixtureModel|fft_wrapper:fft_inst|fft:fft_1|fft_fft_ii_0:fft_ii_0|auk_dspip_r22sdf_top:auk_dspip_r22sdf_top_inst|auk_dspip_r22sdf_core:r22sdf_core_inst|auk_dspip_r22sdf_stage:\gen_natural_order_core:gen_stages:0:r22_stage|auk_dspip_r22sdf_delay:\gen_bfii:bfii_delblk_real|altera_fft_dual_port_ram:\gen_m4k_delay:ram_component                                                                                                                                                                             ;
;                                     |altsyncram:\old_ram_gen:old_ram_component                                       ; 0.00 mW (0.00 mW)                    ; 0.00 mW (0.00 mW)               ; --                                ; 0.00 mW (0.00 mW)                 ; |GaussianMixtureModel|fft_wrapper:fft_inst|fft:fft_1|fft_fft_ii_0:fft_ii_0|auk_dspip_r22sdf_top:auk_dspip_r22sdf_top_inst|auk_dspip_r22sdf_core:r22sdf_core_inst|auk_dspip_r22sdf_stage:\gen_natural_order_core:gen_stages:0:r22_stage|auk_dspip_r22sdf_delay:\gen_bfii:bfii_delblk_real|altera_fft_dual_port_ram:\gen_m4k_delay:ram_component|altsyncram:\old_ram_gen:old_ram_component                                                                                                                                   ;
;                                         |altsyncram_4fp3:auto_generated                                              ; 0.00 mW (0.00 mW)                    ; 0.00 mW (0.00 mW)               ; --                                ; 0.00 mW (0.00 mW)                 ; |GaussianMixtureModel|fft_wrapper:fft_inst|fft:fft_1|fft_fft_ii_0:fft_ii_0|auk_dspip_r22sdf_top:auk_dspip_r22sdf_top_inst|auk_dspip_r22sdf_core:r22sdf_core_inst|auk_dspip_r22sdf_stage:\gen_natural_order_core:gen_stages:0:r22_stage|auk_dspip_r22sdf_delay:\gen_bfii:bfii_delblk_real|altera_fft_dual_port_ram:\gen_m4k_delay:ram_component|altsyncram:\old_ram_gen:old_ram_component|altsyncram_4fp3:auto_generated                                                                                                    ;
;                             |auk_dspip_r22sdf_bfii:\gen_bfii:bfii_inst                                               ; 0.00 mW (0.00 mW)                    ; 0.00 mW (0.00 mW)               ; --                                ; 0.00 mW (0.00 mW)                 ; |GaussianMixtureModel|fft_wrapper:fft_inst|fft:fft_1|fft_fft_ii_0:fft_ii_0|auk_dspip_r22sdf_top:auk_dspip_r22sdf_top_inst|auk_dspip_r22sdf_core:r22sdf_core_inst|auk_dspip_r22sdf_stage:\gen_natural_order_core:gen_stages:0:r22_stage|auk_dspip_r22sdf_bfii:\gen_bfii:bfii_inst                                                                                                                                                                                                                                           ;
;                                 |auk_dspip_r22sdf_bf_control:bf_control_inst                                         ; 0.00 mW (0.00 mW)                    ; 0.00 mW (0.00 mW)               ; --                                ; 0.00 mW (0.00 mW)                 ; |GaussianMixtureModel|fft_wrapper:fft_inst|fft:fft_1|fft_fft_ii_0:fft_ii_0|auk_dspip_r22sdf_top:auk_dspip_r22sdf_top_inst|auk_dspip_r22sdf_core:r22sdf_core_inst|auk_dspip_r22sdf_stage:\gen_natural_order_core:gen_stages:0:r22_stage|auk_dspip_r22sdf_bfii:\gen_bfii:bfii_inst|auk_dspip_r22sdf_bf_control:bf_control_inst                                                                                                                                                                                               ;
;                                     |auk_dspip_r22sdf_counter:bf_counter_inst                                        ; 0.00 mW (0.00 mW)                    ; 0.00 mW (0.00 mW)               ; --                                ; 0.00 mW (0.00 mW)                 ; |GaussianMixtureModel|fft_wrapper:fft_inst|fft:fft_1|fft_fft_ii_0:fft_ii_0|auk_dspip_r22sdf_top:auk_dspip_r22sdf_top_inst|auk_dspip_r22sdf_core:r22sdf_core_inst|auk_dspip_r22sdf_stage:\gen_natural_order_core:gen_stages:0:r22_stage|auk_dspip_r22sdf_bfii:\gen_bfii:bfii_inst|auk_dspip_r22sdf_bf_control:bf_control_inst|auk_dspip_r22sdf_counter:bf_counter_inst                                                                                                                                                      ;
;                                 |auk_dspip_r22sdf_addsub:del_in_imag_comp_inst                                       ; 0.00 mW (0.00 mW)                    ; 0.00 mW (0.00 mW)               ; --                                ; 0.00 mW (0.00 mW)                 ; |GaussianMixtureModel|fft_wrapper:fft_inst|fft:fft_1|fft_fft_ii_0:fft_ii_0|auk_dspip_r22sdf_top:auk_dspip_r22sdf_top_inst|auk_dspip_r22sdf_core:r22sdf_core_inst|auk_dspip_r22sdf_stage:\gen_natural_order_core:gen_stages:0:r22_stage|auk_dspip_r22sdf_bfii:\gen_bfii:bfii_inst|auk_dspip_r22sdf_addsub:del_in_imag_comp_inst                                                                                                                                                                                             ;
;                                     |lpm_add_sub:\gen_fixed:lpm_add_sub_component                                    ; 0.00 mW (0.00 mW)                    ; 0.00 mW (0.00 mW)               ; --                                ; 0.00 mW (0.00 mW)                 ; |GaussianMixtureModel|fft_wrapper:fft_inst|fft:fft_1|fft_fft_ii_0:fft_ii_0|auk_dspip_r22sdf_top:auk_dspip_r22sdf_top_inst|auk_dspip_r22sdf_core:r22sdf_core_inst|auk_dspip_r22sdf_stage:\gen_natural_order_core:gen_stages:0:r22_stage|auk_dspip_r22sdf_bfii:\gen_bfii:bfii_inst|auk_dspip_r22sdf_addsub:del_in_imag_comp_inst|lpm_add_sub:\gen_fixed:lpm_add_sub_component                                                                                                                                                ;
;                                         |add_sub_bpi:auto_generated                                                  ; 0.00 mW (0.00 mW)                    ; 0.00 mW (0.00 mW)               ; --                                ; 0.00 mW (0.00 mW)                 ; |GaussianMixtureModel|fft_wrapper:fft_inst|fft:fft_1|fft_fft_ii_0:fft_ii_0|auk_dspip_r22sdf_top:auk_dspip_r22sdf_top_inst|auk_dspip_r22sdf_core:r22sdf_core_inst|auk_dspip_r22sdf_stage:\gen_natural_order_core:gen_stages:0:r22_stage|auk_dspip_r22sdf_bfii:\gen_bfii:bfii_inst|auk_dspip_r22sdf_addsub:del_in_imag_comp_inst|lpm_add_sub:\gen_fixed:lpm_add_sub_component|add_sub_bpi:auto_generated                                                                                                                     ;
;                                 |auk_dspip_r22sdf_addsub:del_in_real_comp_inst                                       ; 0.00 mW (0.00 mW)                    ; 0.00 mW (0.00 mW)               ; --                                ; 0.00 mW (0.00 mW)                 ; |GaussianMixtureModel|fft_wrapper:fft_inst|fft:fft_1|fft_fft_ii_0:fft_ii_0|auk_dspip_r22sdf_top:auk_dspip_r22sdf_top_inst|auk_dspip_r22sdf_core:r22sdf_core_inst|auk_dspip_r22sdf_stage:\gen_natural_order_core:gen_stages:0:r22_stage|auk_dspip_r22sdf_bfii:\gen_bfii:bfii_inst|auk_dspip_r22sdf_addsub:del_in_real_comp_inst                                                                                                                                                                                             ;
;                                     |lpm_add_sub:\gen_fixed:lpm_add_sub_component                                    ; 0.00 mW (0.00 mW)                    ; 0.00 mW (0.00 mW)               ; --                                ; 0.00 mW (0.00 mW)                 ; |GaussianMixtureModel|fft_wrapper:fft_inst|fft:fft_1|fft_fft_ii_0:fft_ii_0|auk_dspip_r22sdf_top:auk_dspip_r22sdf_top_inst|auk_dspip_r22sdf_core:r22sdf_core_inst|auk_dspip_r22sdf_stage:\gen_natural_order_core:gen_stages:0:r22_stage|auk_dspip_r22sdf_bfii:\gen_bfii:bfii_inst|auk_dspip_r22sdf_addsub:del_in_real_comp_inst|lpm_add_sub:\gen_fixed:lpm_add_sub_component                                                                                                                                                ;
;                                         |add_sub_bpi:auto_generated                                                  ; 0.00 mW (0.00 mW)                    ; 0.00 mW (0.00 mW)               ; --                                ; 0.00 mW (0.00 mW)                 ; |GaussianMixtureModel|fft_wrapper:fft_inst|fft:fft_1|fft_fft_ii_0:fft_ii_0|auk_dspip_r22sdf_top:auk_dspip_r22sdf_top_inst|auk_dspip_r22sdf_core:r22sdf_core_inst|auk_dspip_r22sdf_stage:\gen_natural_order_core:gen_stages:0:r22_stage|auk_dspip_r22sdf_bfii:\gen_bfii:bfii_inst|auk_dspip_r22sdf_addsub:del_in_real_comp_inst|lpm_add_sub:\gen_fixed:lpm_add_sub_component|add_sub_bpi:auto_generated                                                                                                                     ;
;                                 |auk_dspip_r22sdf_addsub:in_imag_comp_inst                                           ; 0.00 mW (0.00 mW)                    ; 0.00 mW (0.00 mW)               ; --                                ; 0.00 mW (0.00 mW)                 ; |GaussianMixtureModel|fft_wrapper:fft_inst|fft:fft_1|fft_fft_ii_0:fft_ii_0|auk_dspip_r22sdf_top:auk_dspip_r22sdf_top_inst|auk_dspip_r22sdf_core:r22sdf_core_inst|auk_dspip_r22sdf_stage:\gen_natural_order_core:gen_stages:0:r22_stage|auk_dspip_r22sdf_bfii:\gen_bfii:bfii_inst|auk_dspip_r22sdf_addsub:in_imag_comp_inst                                                                                                                                                                                                 ;
;                                     |lpm_add_sub:\gen_fixed:lpm_add_sub_component                                    ; 0.00 mW (0.00 mW)                    ; 0.00 mW (0.00 mW)               ; --                                ; 0.00 mW (0.00 mW)                 ; |GaussianMixtureModel|fft_wrapper:fft_inst|fft:fft_1|fft_fft_ii_0:fft_ii_0|auk_dspip_r22sdf_top:auk_dspip_r22sdf_top_inst|auk_dspip_r22sdf_core:r22sdf_core_inst|auk_dspip_r22sdf_stage:\gen_natural_order_core:gen_stages:0:r22_stage|auk_dspip_r22sdf_bfii:\gen_bfii:bfii_inst|auk_dspip_r22sdf_addsub:in_imag_comp_inst|lpm_add_sub:\gen_fixed:lpm_add_sub_component                                                                                                                                                    ;
;                                         |add_sub_bpi:auto_generated                                                  ; 0.00 mW (0.00 mW)                    ; 0.00 mW (0.00 mW)               ; --                                ; 0.00 mW (0.00 mW)                 ; |GaussianMixtureModel|fft_wrapper:fft_inst|fft:fft_1|fft_fft_ii_0:fft_ii_0|auk_dspip_r22sdf_top:auk_dspip_r22sdf_top_inst|auk_dspip_r22sdf_core:r22sdf_core_inst|auk_dspip_r22sdf_stage:\gen_natural_order_core:gen_stages:0:r22_stage|auk_dspip_r22sdf_bfii:\gen_bfii:bfii_inst|auk_dspip_r22sdf_addsub:in_imag_comp_inst|lpm_add_sub:\gen_fixed:lpm_add_sub_component|add_sub_bpi:auto_generated                                                                                                                         ;
;                                 |auk_dspip_r22sdf_addsub:in_real_comp_inst                                           ; 0.00 mW (0.00 mW)                    ; 0.00 mW (0.00 mW)               ; --                                ; 0.00 mW (0.00 mW)                 ; |GaussianMixtureModel|fft_wrapper:fft_inst|fft:fft_1|fft_fft_ii_0:fft_ii_0|auk_dspip_r22sdf_top:auk_dspip_r22sdf_top_inst|auk_dspip_r22sdf_core:r22sdf_core_inst|auk_dspip_r22sdf_stage:\gen_natural_order_core:gen_stages:0:r22_stage|auk_dspip_r22sdf_bfii:\gen_bfii:bfii_inst|auk_dspip_r22sdf_addsub:in_real_comp_inst                                                                                                                                                                                                 ;
;                                     |lpm_add_sub:\gen_fixed:lpm_add_sub_component                                    ; 0.00 mW (0.00 mW)                    ; 0.00 mW (0.00 mW)               ; --                                ; 0.00 mW (0.00 mW)                 ; |GaussianMixtureModel|fft_wrapper:fft_inst|fft:fft_1|fft_fft_ii_0:fft_ii_0|auk_dspip_r22sdf_top:auk_dspip_r22sdf_top_inst|auk_dspip_r22sdf_core:r22sdf_core_inst|auk_dspip_r22sdf_stage:\gen_natural_order_core:gen_stages:0:r22_stage|auk_dspip_r22sdf_bfii:\gen_bfii:bfii_inst|auk_dspip_r22sdf_addsub:in_real_comp_inst|lpm_add_sub:\gen_fixed:lpm_add_sub_component                                                                                                                                                    ;
;                                         |add_sub_bpi:auto_generated                                                  ; 0.00 mW (0.00 mW)                    ; 0.00 mW (0.00 mW)               ; --                                ; 0.00 mW (0.00 mW)                 ; |GaussianMixtureModel|fft_wrapper:fft_inst|fft:fft_1|fft_fft_ii_0:fft_ii_0|auk_dspip_r22sdf_top:auk_dspip_r22sdf_top_inst|auk_dspip_r22sdf_core:r22sdf_core_inst|auk_dspip_r22sdf_stage:\gen_natural_order_core:gen_stages:0:r22_stage|auk_dspip_r22sdf_bfii:\gen_bfii:bfii_inst|auk_dspip_r22sdf_addsub:in_real_comp_inst|lpm_add_sub:\gen_fixed:lpm_add_sub_component|add_sub_bpi:auto_generated                                                                                                                         ;
;                         |auk_dspip_r22sdf_stg_pipe:\gen_natural_order_core:gen_stages:1:gen_stg_connect:stg_connect  ; 0.00 mW (0.00 mW)                    ; 0.00 mW (0.00 mW)               ; --                                ; 0.00 mW (0.00 mW)                 ; |GaussianMixtureModel|fft_wrapper:fft_inst|fft:fft_1|fft_fft_ii_0:fft_ii_0|auk_dspip_r22sdf_top:auk_dspip_r22sdf_top_inst|auk_dspip_r22sdf_core:r22sdf_core_inst|auk_dspip_r22sdf_stg_pipe:\gen_natural_order_core:gen_stages:1:gen_stg_connect:stg_connect                                                                                                                                                                                                                                                                ;
;                         |auk_dspip_r22sdf_twrom:\gen_natural_order_core:gen_stages:1:gen_twiddles:stg_twidrom2       ; 0.00 mW (0.00 mW)                    ; 0.00 mW (0.00 mW)               ; --                                ; 0.00 mW (0.00 mW)                 ; |GaussianMixtureModel|fft_wrapper:fft_inst|fft:fft_1|fft_fft_ii_0:fft_ii_0|auk_dspip_r22sdf_top:auk_dspip_r22sdf_top_inst|auk_dspip_r22sdf_core:r22sdf_core_inst|auk_dspip_r22sdf_twrom:\gen_natural_order_core:gen_stages:1:gen_twiddles:stg_twidrom2                                                                                                                                                                                                                                                                     ;
;                             |counter_module:\gen_optimized_memory_delayed:gen_non_pwr_2:cnt_array_gen:0:cnt_w_k_inst ; 0.00 mW (0.00 mW)                    ; 0.00 mW (0.00 mW)               ; --                                ; 0.00 mW (0.00 mW)                 ; |GaussianMixtureModel|fft_wrapper:fft_inst|fft:fft_1|fft_fft_ii_0:fft_ii_0|auk_dspip_r22sdf_top:auk_dspip_r22sdf_top_inst|auk_dspip_r22sdf_core:r22sdf_core_inst|auk_dspip_r22sdf_twrom:\gen_natural_order_core:gen_stages:1:gen_twiddles:stg_twidrom2|counter_module:\gen_optimized_memory_delayed:gen_non_pwr_2:cnt_array_gen:0:cnt_w_k_inst                                                                                                                                                                             ;
;                             |counter_module:\gen_optimized_memory_delayed:gen_non_pwr_2:cnt_array_gen:1:cnt_w_k_inst ; 0.00 mW (0.00 mW)                    ; 0.00 mW (0.00 mW)               ; --                                ; 0.00 mW (0.00 mW)                 ; |GaussianMixtureModel|fft_wrapper:fft_inst|fft:fft_1|fft_fft_ii_0:fft_ii_0|auk_dspip_r22sdf_top:auk_dspip_r22sdf_top_inst|auk_dspip_r22sdf_core:r22sdf_core_inst|auk_dspip_r22sdf_twrom:\gen_natural_order_core:gen_stages:1:gen_twiddles:stg_twidrom2|counter_module:\gen_optimized_memory_delayed:gen_non_pwr_2:cnt_array_gen:1:cnt_w_k_inst                                                                                                                                                                             ;
;                             |counter_module:\gen_optimized_memory_delayed:gen_non_pwr_2:cnt_array_gen:2:cnt_w_k_inst ; 0.00 mW (0.00 mW)                    ; 0.00 mW (0.00 mW)               ; --                                ; 0.00 mW (0.00 mW)                 ; |GaussianMixtureModel|fft_wrapper:fft_inst|fft:fft_1|fft_fft_ii_0:fft_ii_0|auk_dspip_r22sdf_top:auk_dspip_r22sdf_top_inst|auk_dspip_r22sdf_core:r22sdf_core_inst|auk_dspip_r22sdf_twrom:\gen_natural_order_core:gen_stages:1:gen_twiddles:stg_twidrom2|counter_module:\gen_optimized_memory_delayed:gen_non_pwr_2:cnt_array_gen:2:cnt_w_k_inst                                                                                                                                                                             ;
;                             |altera_fft_single_port_rom:\gen_optimized_memory_delayed:single_port_rom_component_imag ; 0.00 mW (0.00 mW)                    ; 0.00 mW (0.00 mW)               ; --                                ; 0.00 mW (0.00 mW)                 ; |GaussianMixtureModel|fft_wrapper:fft_inst|fft:fft_1|fft_fft_ii_0:fft_ii_0|auk_dspip_r22sdf_top:auk_dspip_r22sdf_top_inst|auk_dspip_r22sdf_core:r22sdf_core_inst|auk_dspip_r22sdf_twrom:\gen_natural_order_core:gen_stages:1:gen_twiddles:stg_twidrom2|altera_fft_single_port_rom:\gen_optimized_memory_delayed:single_port_rom_component_imag                                                                                                                                                                             ;
;                                 |altsyncram:\old_ram_gen:old_ram_component                                           ; 0.00 mW (0.00 mW)                    ; 0.00 mW (0.00 mW)               ; --                                ; 0.00 mW (0.00 mW)                 ; |GaussianMixtureModel|fft_wrapper:fft_inst|fft:fft_1|fft_fft_ii_0:fft_ii_0|auk_dspip_r22sdf_top:auk_dspip_r22sdf_top_inst|auk_dspip_r22sdf_core:r22sdf_core_inst|auk_dspip_r22sdf_twrom:\gen_natural_order_core:gen_stages:1:gen_twiddles:stg_twidrom2|altera_fft_single_port_rom:\gen_optimized_memory_delayed:single_port_rom_component_imag|altsyncram:\old_ram_gen:old_ram_component                                                                                                                                   ;
;                                     |altsyncram_vps3:auto_generated                                                  ; 0.00 mW (0.00 mW)                    ; 0.00 mW (0.00 mW)               ; --                                ; 0.00 mW (0.00 mW)                 ; |GaussianMixtureModel|fft_wrapper:fft_inst|fft:fft_1|fft_fft_ii_0:fft_ii_0|auk_dspip_r22sdf_top:auk_dspip_r22sdf_top_inst|auk_dspip_r22sdf_core:r22sdf_core_inst|auk_dspip_r22sdf_twrom:\gen_natural_order_core:gen_stages:1:gen_twiddles:stg_twidrom2|altera_fft_single_port_rom:\gen_optimized_memory_delayed:single_port_rom_component_imag|altsyncram:\old_ram_gen:old_ram_component|altsyncram_vps3:auto_generated                                                                                                    ;
;                             |altera_fft_single_port_rom:\gen_optimized_memory_delayed:single_port_rom_component_real ; 0.00 mW (0.00 mW)                    ; 0.00 mW (0.00 mW)               ; --                                ; 0.00 mW (0.00 mW)                 ; |GaussianMixtureModel|fft_wrapper:fft_inst|fft:fft_1|fft_fft_ii_0:fft_ii_0|auk_dspip_r22sdf_top:auk_dspip_r22sdf_top_inst|auk_dspip_r22sdf_core:r22sdf_core_inst|auk_dspip_r22sdf_twrom:\gen_natural_order_core:gen_stages:1:gen_twiddles:stg_twidrom2|altera_fft_single_port_rom:\gen_optimized_memory_delayed:single_port_rom_component_real                                                                                                                                                                             ;
;                                 |altsyncram:\old_ram_gen:old_ram_component                                           ; 0.00 mW (0.00 mW)                    ; 0.00 mW (0.00 mW)               ; --                                ; 0.00 mW (0.00 mW)                 ; |GaussianMixtureModel|fft_wrapper:fft_inst|fft:fft_1|fft_fft_ii_0:fft_ii_0|auk_dspip_r22sdf_top:auk_dspip_r22sdf_top_inst|auk_dspip_r22sdf_core:r22sdf_core_inst|auk_dspip_r22sdf_twrom:\gen_natural_order_core:gen_stages:1:gen_twiddles:stg_twidrom2|altera_fft_single_port_rom:\gen_optimized_memory_delayed:single_port_rom_component_real|altsyncram:\old_ram_gen:old_ram_component                                                                                                                                   ;
;                                     |altsyncram_vps3:auto_generated                                                  ; 0.00 mW (0.00 mW)                    ; 0.00 mW (0.00 mW)               ; --                                ; 0.00 mW (0.00 mW)                 ; |GaussianMixtureModel|fft_wrapper:fft_inst|fft:fft_1|fft_fft_ii_0:fft_ii_0|auk_dspip_r22sdf_top:auk_dspip_r22sdf_top_inst|auk_dspip_r22sdf_core:r22sdf_core_inst|auk_dspip_r22sdf_twrom:\gen_natural_order_core:gen_stages:1:gen_twiddles:stg_twidrom2|altera_fft_single_port_rom:\gen_optimized_memory_delayed:single_port_rom_component_real|altsyncram:\old_ram_gen:old_ram_component|altsyncram_vps3:auto_generated                                                                                                    ;
;                         |auk_dspip_r22sdf_stage:\gen_natural_order_core:gen_stages:1:r22_stage                       ; 0.00 mW (0.00 mW)                    ; 0.00 mW (0.00 mW)               ; --                                ; 0.00 mW (0.00 mW)                 ; |GaussianMixtureModel|fft_wrapper:fft_inst|fft:fft_1|fft_fft_ii_0:fft_ii_0|auk_dspip_r22sdf_top:auk_dspip_r22sdf_top_inst|auk_dspip_r22sdf_core:r22sdf_core_inst|auk_dspip_r22sdf_stage:\gen_natural_order_core:gen_stages:1:r22_stage                                                                                                                                                                                                                                                                                     ;
;                             |auk_dspip_r22sdf_delay:\gen_bfi:bfi_delblk_real                                         ; 0.00 mW (0.00 mW)                    ; 0.00 mW (0.00 mW)               ; --                                ; 0.00 mW (0.00 mW)                 ; |GaussianMixtureModel|fft_wrapper:fft_inst|fft:fft_1|fft_fft_ii_0:fft_ii_0|auk_dspip_r22sdf_top:auk_dspip_r22sdf_top_inst|auk_dspip_r22sdf_core:r22sdf_core_inst|auk_dspip_r22sdf_stage:\gen_natural_order_core:gen_stages:1:r22_stage|auk_dspip_r22sdf_delay:\gen_bfi:bfi_delblk_real                                                                                                                                                                                                                                     ;
;                                 |counter_module:\gen_m4k_delay:move_rdptr_inst                                       ; 0.00 mW (0.00 mW)                    ; 0.00 mW (0.00 mW)               ; --                                ; 0.00 mW (0.00 mW)                 ; |GaussianMixtureModel|fft_wrapper:fft_inst|fft:fft_1|fft_fft_ii_0:fft_ii_0|auk_dspip_r22sdf_top:auk_dspip_r22sdf_top_inst|auk_dspip_r22sdf_core:r22sdf_core_inst|auk_dspip_r22sdf_stage:\gen_natural_order_core:gen_stages:1:r22_stage|auk_dspip_r22sdf_delay:\gen_bfi:bfi_delblk_real|counter_module:\gen_m4k_delay:move_rdptr_inst                                                                                                                                                                                       ;
;                                 |counter_module:\gen_m4k_delay:move_wrptr_inst                                       ; 0.00 mW (0.00 mW)                    ; 0.00 mW (0.00 mW)               ; --                                ; 0.00 mW (0.00 mW)                 ; |GaussianMixtureModel|fft_wrapper:fft_inst|fft:fft_1|fft_fft_ii_0:fft_ii_0|auk_dspip_r22sdf_top:auk_dspip_r22sdf_top_inst|auk_dspip_r22sdf_core:r22sdf_core_inst|auk_dspip_r22sdf_stage:\gen_natural_order_core:gen_stages:1:r22_stage|auk_dspip_r22sdf_delay:\gen_bfi:bfi_delblk_real|counter_module:\gen_m4k_delay:move_wrptr_inst                                                                                                                                                                                       ;
;                                 |altera_fft_dual_port_ram:\gen_m4k_delay:ram_component                               ; 0.00 mW (0.00 mW)                    ; 0.00 mW (0.00 mW)               ; --                                ; 0.00 mW (0.00 mW)                 ; |GaussianMixtureModel|fft_wrapper:fft_inst|fft:fft_1|fft_fft_ii_0:fft_ii_0|auk_dspip_r22sdf_top:auk_dspip_r22sdf_top_inst|auk_dspip_r22sdf_core:r22sdf_core_inst|auk_dspip_r22sdf_stage:\gen_natural_order_core:gen_stages:1:r22_stage|auk_dspip_r22sdf_delay:\gen_bfi:bfi_delblk_real|altera_fft_dual_port_ram:\gen_m4k_delay:ram_component                                                                                                                                                                               ;
;                                     |altsyncram:\old_ram_gen:old_ram_component                                       ; 0.00 mW (0.00 mW)                    ; 0.00 mW (0.00 mW)               ; --                                ; 0.00 mW (0.00 mW)                 ; |GaussianMixtureModel|fft_wrapper:fft_inst|fft:fft_1|fft_fft_ii_0:fft_ii_0|auk_dspip_r22sdf_top:auk_dspip_r22sdf_top_inst|auk_dspip_r22sdf_core:r22sdf_core_inst|auk_dspip_r22sdf_stage:\gen_natural_order_core:gen_stages:1:r22_stage|auk_dspip_r22sdf_delay:\gen_bfi:bfi_delblk_real|altera_fft_dual_port_ram:\gen_m4k_delay:ram_component|altsyncram:\old_ram_gen:old_ram_component                                                                                                                                     ;
;                                         |altsyncram_kep3:auto_generated                                              ; 0.00 mW (0.00 mW)                    ; 0.00 mW (0.00 mW)               ; --                                ; 0.00 mW (0.00 mW)                 ; |GaussianMixtureModel|fft_wrapper:fft_inst|fft:fft_1|fft_fft_ii_0:fft_ii_0|auk_dspip_r22sdf_top:auk_dspip_r22sdf_top_inst|auk_dspip_r22sdf_core:r22sdf_core_inst|auk_dspip_r22sdf_stage:\gen_natural_order_core:gen_stages:1:r22_stage|auk_dspip_r22sdf_delay:\gen_bfi:bfi_delblk_real|altera_fft_dual_port_ram:\gen_m4k_delay:ram_component|altsyncram:\old_ram_gen:old_ram_component|altsyncram_kep3:auto_generated                                                                                                      ;
;                             |auk_dspip_r22sdf_bfi:\gen_bfi:bfi_inst                                                  ; 0.00 mW (0.00 mW)                    ; 0.00 mW (0.00 mW)               ; --                                ; 0.00 mW (0.00 mW)                 ; |GaussianMixtureModel|fft_wrapper:fft_inst|fft:fft_1|fft_fft_ii_0:fft_ii_0|auk_dspip_r22sdf_top:auk_dspip_r22sdf_top_inst|auk_dspip_r22sdf_core:r22sdf_core_inst|auk_dspip_r22sdf_stage:\gen_natural_order_core:gen_stages:1:r22_stage|auk_dspip_r22sdf_bfi:\gen_bfi:bfi_inst                                                                                                                                                                                                                                              ;
;                                 |auk_dspip_r22sdf_bf_control:bf_control_inst                                         ; 0.00 mW (0.00 mW)                    ; 0.00 mW (0.00 mW)               ; --                                ; 0.00 mW (0.00 mW)                 ; |GaussianMixtureModel|fft_wrapper:fft_inst|fft:fft_1|fft_fft_ii_0:fft_ii_0|auk_dspip_r22sdf_top:auk_dspip_r22sdf_top_inst|auk_dspip_r22sdf_core:r22sdf_core_inst|auk_dspip_r22sdf_stage:\gen_natural_order_core:gen_stages:1:r22_stage|auk_dspip_r22sdf_bfi:\gen_bfi:bfi_inst|auk_dspip_r22sdf_bf_control:bf_control_inst                                                                                                                                                                                                  ;
;                                     |auk_dspip_r22sdf_counter:bf_counter_inst                                        ; 0.00 mW (0.00 mW)                    ; 0.00 mW (0.00 mW)               ; --                                ; 0.00 mW (0.00 mW)                 ; |GaussianMixtureModel|fft_wrapper:fft_inst|fft:fft_1|fft_fft_ii_0:fft_ii_0|auk_dspip_r22sdf_top:auk_dspip_r22sdf_top_inst|auk_dspip_r22sdf_core:r22sdf_core_inst|auk_dspip_r22sdf_stage:\gen_natural_order_core:gen_stages:1:r22_stage|auk_dspip_r22sdf_bfi:\gen_bfi:bfi_inst|auk_dspip_r22sdf_bf_control:bf_control_inst|auk_dspip_r22sdf_counter:bf_counter_inst                                                                                                                                                         ;
;                                 |auk_dspip_r22sdf_addsub:del_in_imag_comp_inst                                       ; 0.00 mW (0.00 mW)                    ; 0.00 mW (0.00 mW)               ; --                                ; 0.00 mW (0.00 mW)                 ; |GaussianMixtureModel|fft_wrapper:fft_inst|fft:fft_1|fft_fft_ii_0:fft_ii_0|auk_dspip_r22sdf_top:auk_dspip_r22sdf_top_inst|auk_dspip_r22sdf_core:r22sdf_core_inst|auk_dspip_r22sdf_stage:\gen_natural_order_core:gen_stages:1:r22_stage|auk_dspip_r22sdf_bfi:\gen_bfi:bfi_inst|auk_dspip_r22sdf_addsub:del_in_imag_comp_inst                                                                                                                                                                                                ;
;                                     |lpm_add_sub:\gen_fixed:lpm_add_sub_component                                    ; 0.00 mW (0.00 mW)                    ; 0.00 mW (0.00 mW)               ; --                                ; 0.00 mW (0.00 mW)                 ; |GaussianMixtureModel|fft_wrapper:fft_inst|fft:fft_1|fft_fft_ii_0:fft_ii_0|auk_dspip_r22sdf_top:auk_dspip_r22sdf_top_inst|auk_dspip_r22sdf_core:r22sdf_core_inst|auk_dspip_r22sdf_stage:\gen_natural_order_core:gen_stages:1:r22_stage|auk_dspip_r22sdf_bfi:\gen_bfi:bfi_inst|auk_dspip_r22sdf_addsub:del_in_imag_comp_inst|lpm_add_sub:\gen_fixed:lpm_add_sub_component                                                                                                                                                   ;
;                                         |add_sub_1pi:auto_generated                                                  ; 0.00 mW (0.00 mW)                    ; 0.00 mW (0.00 mW)               ; --                                ; 0.00 mW (0.00 mW)                 ; |GaussianMixtureModel|fft_wrapper:fft_inst|fft:fft_1|fft_fft_ii_0:fft_ii_0|auk_dspip_r22sdf_top:auk_dspip_r22sdf_top_inst|auk_dspip_r22sdf_core:r22sdf_core_inst|auk_dspip_r22sdf_stage:\gen_natural_order_core:gen_stages:1:r22_stage|auk_dspip_r22sdf_bfi:\gen_bfi:bfi_inst|auk_dspip_r22sdf_addsub:del_in_imag_comp_inst|lpm_add_sub:\gen_fixed:lpm_add_sub_component|add_sub_1pi:auto_generated                                                                                                                        ;
;                                 |auk_dspip_r22sdf_addsub:del_in_real_comp_inst                                       ; 0.00 mW (0.00 mW)                    ; 0.00 mW (0.00 mW)               ; --                                ; 0.00 mW (0.00 mW)                 ; |GaussianMixtureModel|fft_wrapper:fft_inst|fft:fft_1|fft_fft_ii_0:fft_ii_0|auk_dspip_r22sdf_top:auk_dspip_r22sdf_top_inst|auk_dspip_r22sdf_core:r22sdf_core_inst|auk_dspip_r22sdf_stage:\gen_natural_order_core:gen_stages:1:r22_stage|auk_dspip_r22sdf_bfi:\gen_bfi:bfi_inst|auk_dspip_r22sdf_addsub:del_in_real_comp_inst                                                                                                                                                                                                ;
;                                     |lpm_add_sub:\gen_fixed:lpm_add_sub_component                                    ; 0.00 mW (0.00 mW)                    ; 0.00 mW (0.00 mW)               ; --                                ; 0.00 mW (0.00 mW)                 ; |GaussianMixtureModel|fft_wrapper:fft_inst|fft:fft_1|fft_fft_ii_0:fft_ii_0|auk_dspip_r22sdf_top:auk_dspip_r22sdf_top_inst|auk_dspip_r22sdf_core:r22sdf_core_inst|auk_dspip_r22sdf_stage:\gen_natural_order_core:gen_stages:1:r22_stage|auk_dspip_r22sdf_bfi:\gen_bfi:bfi_inst|auk_dspip_r22sdf_addsub:del_in_real_comp_inst|lpm_add_sub:\gen_fixed:lpm_add_sub_component                                                                                                                                                   ;
;                                         |add_sub_1pi:auto_generated                                                  ; 0.00 mW (0.00 mW)                    ; 0.00 mW (0.00 mW)               ; --                                ; 0.00 mW (0.00 mW)                 ; |GaussianMixtureModel|fft_wrapper:fft_inst|fft:fft_1|fft_fft_ii_0:fft_ii_0|auk_dspip_r22sdf_top:auk_dspip_r22sdf_top_inst|auk_dspip_r22sdf_core:r22sdf_core_inst|auk_dspip_r22sdf_stage:\gen_natural_order_core:gen_stages:1:r22_stage|auk_dspip_r22sdf_bfi:\gen_bfi:bfi_inst|auk_dspip_r22sdf_addsub:del_in_real_comp_inst|lpm_add_sub:\gen_fixed:lpm_add_sub_component|add_sub_1pi:auto_generated                                                                                                                        ;
;                                 |auk_dspip_r22sdf_addsub:in_imag_comp_inst                                           ; 0.00 mW (0.00 mW)                    ; 0.00 mW (0.00 mW)               ; --                                ; 0.00 mW (0.00 mW)                 ; |GaussianMixtureModel|fft_wrapper:fft_inst|fft:fft_1|fft_fft_ii_0:fft_ii_0|auk_dspip_r22sdf_top:auk_dspip_r22sdf_top_inst|auk_dspip_r22sdf_core:r22sdf_core_inst|auk_dspip_r22sdf_stage:\gen_natural_order_core:gen_stages:1:r22_stage|auk_dspip_r22sdf_bfi:\gen_bfi:bfi_inst|auk_dspip_r22sdf_addsub:in_imag_comp_inst                                                                                                                                                                                                    ;
;                                     |lpm_add_sub:\gen_fixed:lpm_add_sub_component                                    ; 0.00 mW (0.00 mW)                    ; 0.00 mW (0.00 mW)               ; --                                ; 0.00 mW (0.00 mW)                 ; |GaussianMixtureModel|fft_wrapper:fft_inst|fft:fft_1|fft_fft_ii_0:fft_ii_0|auk_dspip_r22sdf_top:auk_dspip_r22sdf_top_inst|auk_dspip_r22sdf_core:r22sdf_core_inst|auk_dspip_r22sdf_stage:\gen_natural_order_core:gen_stages:1:r22_stage|auk_dspip_r22sdf_bfi:\gen_bfi:bfi_inst|auk_dspip_r22sdf_addsub:in_imag_comp_inst|lpm_add_sub:\gen_fixed:lpm_add_sub_component                                                                                                                                                       ;
;                                         |add_sub_1pi:auto_generated                                                  ; 0.00 mW (0.00 mW)                    ; 0.00 mW (0.00 mW)               ; --                                ; 0.00 mW (0.00 mW)                 ; |GaussianMixtureModel|fft_wrapper:fft_inst|fft:fft_1|fft_fft_ii_0:fft_ii_0|auk_dspip_r22sdf_top:auk_dspip_r22sdf_top_inst|auk_dspip_r22sdf_core:r22sdf_core_inst|auk_dspip_r22sdf_stage:\gen_natural_order_core:gen_stages:1:r22_stage|auk_dspip_r22sdf_bfi:\gen_bfi:bfi_inst|auk_dspip_r22sdf_addsub:in_imag_comp_inst|lpm_add_sub:\gen_fixed:lpm_add_sub_component|add_sub_1pi:auto_generated                                                                                                                            ;
;                                 |auk_dspip_r22sdf_addsub:in_real_comp_inst                                           ; 0.00 mW (0.00 mW)                    ; 0.00 mW (0.00 mW)               ; --                                ; 0.00 mW (0.00 mW)                 ; |GaussianMixtureModel|fft_wrapper:fft_inst|fft:fft_1|fft_fft_ii_0:fft_ii_0|auk_dspip_r22sdf_top:auk_dspip_r22sdf_top_inst|auk_dspip_r22sdf_core:r22sdf_core_inst|auk_dspip_r22sdf_stage:\gen_natural_order_core:gen_stages:1:r22_stage|auk_dspip_r22sdf_bfi:\gen_bfi:bfi_inst|auk_dspip_r22sdf_addsub:in_real_comp_inst                                                                                                                                                                                                    ;
;                                     |lpm_add_sub:\gen_fixed:lpm_add_sub_component                                    ; 0.00 mW (0.00 mW)                    ; 0.00 mW (0.00 mW)               ; --                                ; 0.00 mW (0.00 mW)                 ; |GaussianMixtureModel|fft_wrapper:fft_inst|fft:fft_1|fft_fft_ii_0:fft_ii_0|auk_dspip_r22sdf_top:auk_dspip_r22sdf_top_inst|auk_dspip_r22sdf_core:r22sdf_core_inst|auk_dspip_r22sdf_stage:\gen_natural_order_core:gen_stages:1:r22_stage|auk_dspip_r22sdf_bfi:\gen_bfi:bfi_inst|auk_dspip_r22sdf_addsub:in_real_comp_inst|lpm_add_sub:\gen_fixed:lpm_add_sub_component                                                                                                                                                       ;
;                                         |add_sub_1pi:auto_generated                                                  ; 0.00 mW (0.00 mW)                    ; 0.00 mW (0.00 mW)               ; --                                ; 0.00 mW (0.00 mW)                 ; |GaussianMixtureModel|fft_wrapper:fft_inst|fft:fft_1|fft_fft_ii_0:fft_ii_0|auk_dspip_r22sdf_top:auk_dspip_r22sdf_top_inst|auk_dspip_r22sdf_core:r22sdf_core_inst|auk_dspip_r22sdf_stage:\gen_natural_order_core:gen_stages:1:r22_stage|auk_dspip_r22sdf_bfi:\gen_bfi:bfi_inst|auk_dspip_r22sdf_addsub:in_real_comp_inst|lpm_add_sub:\gen_fixed:lpm_add_sub_component|add_sub_1pi:auto_generated                                                                                                                            ;
;                             |auk_dspip_r22sdf_delay:\gen_bfii:bfii_delblk_real                                       ; 0.00 mW (0.00 mW)                    ; 0.00 mW (0.00 mW)               ; --                                ; 0.00 mW (0.00 mW)                 ; |GaussianMixtureModel|fft_wrapper:fft_inst|fft:fft_1|fft_fft_ii_0:fft_ii_0|auk_dspip_r22sdf_top:auk_dspip_r22sdf_top_inst|auk_dspip_r22sdf_core:r22sdf_core_inst|auk_dspip_r22sdf_stage:\gen_natural_order_core:gen_stages:1:r22_stage|auk_dspip_r22sdf_delay:\gen_bfii:bfii_delblk_real                                                                                                                                                                                                                                   ;
;                                 |counter_module:\gen_m4k_delay:move_rdptr_inst                                       ; 0.00 mW (0.00 mW)                    ; 0.00 mW (0.00 mW)               ; --                                ; 0.00 mW (0.00 mW)                 ; |GaussianMixtureModel|fft_wrapper:fft_inst|fft:fft_1|fft_fft_ii_0:fft_ii_0|auk_dspip_r22sdf_top:auk_dspip_r22sdf_top_inst|auk_dspip_r22sdf_core:r22sdf_core_inst|auk_dspip_r22sdf_stage:\gen_natural_order_core:gen_stages:1:r22_stage|auk_dspip_r22sdf_delay:\gen_bfii:bfii_delblk_real|counter_module:\gen_m4k_delay:move_rdptr_inst                                                                                                                                                                                     ;
;                                 |counter_module:\gen_m4k_delay:move_wrptr_inst                                       ; 0.00 mW (0.00 mW)                    ; 0.00 mW (0.00 mW)               ; --                                ; 0.00 mW (0.00 mW)                 ; |GaussianMixtureModel|fft_wrapper:fft_inst|fft:fft_1|fft_fft_ii_0:fft_ii_0|auk_dspip_r22sdf_top:auk_dspip_r22sdf_top_inst|auk_dspip_r22sdf_core:r22sdf_core_inst|auk_dspip_r22sdf_stage:\gen_natural_order_core:gen_stages:1:r22_stage|auk_dspip_r22sdf_delay:\gen_bfii:bfii_delblk_real|counter_module:\gen_m4k_delay:move_wrptr_inst                                                                                                                                                                                     ;
;                                 |altera_fft_dual_port_ram:\gen_m4k_delay:ram_component                               ; 0.00 mW (0.00 mW)                    ; 0.00 mW (0.00 mW)               ; --                                ; 0.00 mW (0.00 mW)                 ; |GaussianMixtureModel|fft_wrapper:fft_inst|fft:fft_1|fft_fft_ii_0:fft_ii_0|auk_dspip_r22sdf_top:auk_dspip_r22sdf_top_inst|auk_dspip_r22sdf_core:r22sdf_core_inst|auk_dspip_r22sdf_stage:\gen_natural_order_core:gen_stages:1:r22_stage|auk_dspip_r22sdf_delay:\gen_bfii:bfii_delblk_real|altera_fft_dual_port_ram:\gen_m4k_delay:ram_component                                                                                                                                                                             ;
;                                     |altsyncram:\old_ram_gen:old_ram_component                                       ; 0.00 mW (0.00 mW)                    ; 0.00 mW (0.00 mW)               ; --                                ; 0.00 mW (0.00 mW)                 ; |GaussianMixtureModel|fft_wrapper:fft_inst|fft:fft_1|fft_fft_ii_0:fft_ii_0|auk_dspip_r22sdf_top:auk_dspip_r22sdf_top_inst|auk_dspip_r22sdf_core:r22sdf_core_inst|auk_dspip_r22sdf_stage:\gen_natural_order_core:gen_stages:1:r22_stage|auk_dspip_r22sdf_delay:\gen_bfii:bfii_delblk_real|altera_fft_dual_port_ram:\gen_m4k_delay:ram_component|altsyncram:\old_ram_gen:old_ram_component                                                                                                                                   ;
;                                         |altsyncram_kbp3:auto_generated                                              ; 0.00 mW (0.00 mW)                    ; 0.00 mW (0.00 mW)               ; --                                ; 0.00 mW (0.00 mW)                 ; |GaussianMixtureModel|fft_wrapper:fft_inst|fft:fft_1|fft_fft_ii_0:fft_ii_0|auk_dspip_r22sdf_top:auk_dspip_r22sdf_top_inst|auk_dspip_r22sdf_core:r22sdf_core_inst|auk_dspip_r22sdf_stage:\gen_natural_order_core:gen_stages:1:r22_stage|auk_dspip_r22sdf_delay:\gen_bfii:bfii_delblk_real|altera_fft_dual_port_ram:\gen_m4k_delay:ram_component|altsyncram:\old_ram_gen:old_ram_component|altsyncram_kbp3:auto_generated                                                                                                    ;
;                             |auk_dspip_r22sdf_bfii:\gen_bfii:bfii_inst                                               ; 0.00 mW (0.00 mW)                    ; 0.00 mW (0.00 mW)               ; --                                ; 0.00 mW (0.00 mW)                 ; |GaussianMixtureModel|fft_wrapper:fft_inst|fft:fft_1|fft_fft_ii_0:fft_ii_0|auk_dspip_r22sdf_top:auk_dspip_r22sdf_top_inst|auk_dspip_r22sdf_core:r22sdf_core_inst|auk_dspip_r22sdf_stage:\gen_natural_order_core:gen_stages:1:r22_stage|auk_dspip_r22sdf_bfii:\gen_bfii:bfii_inst                                                                                                                                                                                                                                           ;
;                                 |auk_dspip_r22sdf_bf_control:bf_control_inst                                         ; 0.00 mW (0.00 mW)                    ; 0.00 mW (0.00 mW)               ; --                                ; 0.00 mW (0.00 mW)                 ; |GaussianMixtureModel|fft_wrapper:fft_inst|fft:fft_1|fft_fft_ii_0:fft_ii_0|auk_dspip_r22sdf_top:auk_dspip_r22sdf_top_inst|auk_dspip_r22sdf_core:r22sdf_core_inst|auk_dspip_r22sdf_stage:\gen_natural_order_core:gen_stages:1:r22_stage|auk_dspip_r22sdf_bfii:\gen_bfii:bfii_inst|auk_dspip_r22sdf_bf_control:bf_control_inst                                                                                                                                                                                               ;
;                                     |auk_dspip_r22sdf_counter:bf_counter_inst                                        ; 0.00 mW (0.00 mW)                    ; 0.00 mW (0.00 mW)               ; --                                ; 0.00 mW (0.00 mW)                 ; |GaussianMixtureModel|fft_wrapper:fft_inst|fft:fft_1|fft_fft_ii_0:fft_ii_0|auk_dspip_r22sdf_top:auk_dspip_r22sdf_top_inst|auk_dspip_r22sdf_core:r22sdf_core_inst|auk_dspip_r22sdf_stage:\gen_natural_order_core:gen_stages:1:r22_stage|auk_dspip_r22sdf_bfii:\gen_bfii:bfii_inst|auk_dspip_r22sdf_bf_control:bf_control_inst|auk_dspip_r22sdf_counter:bf_counter_inst                                                                                                                                                      ;
;                                 |auk_dspip_r22sdf_addsub:del_in_imag_comp_inst                                       ; 0.00 mW (0.00 mW)                    ; 0.00 mW (0.00 mW)               ; --                                ; 0.00 mW (0.00 mW)                 ; |GaussianMixtureModel|fft_wrapper:fft_inst|fft:fft_1|fft_fft_ii_0:fft_ii_0|auk_dspip_r22sdf_top:auk_dspip_r22sdf_top_inst|auk_dspip_r22sdf_core:r22sdf_core_inst|auk_dspip_r22sdf_stage:\gen_natural_order_core:gen_stages:1:r22_stage|auk_dspip_r22sdf_bfii:\gen_bfii:bfii_inst|auk_dspip_r22sdf_addsub:del_in_imag_comp_inst                                                                                                                                                                                             ;
;                                     |lpm_add_sub:\gen_fixed:lpm_add_sub_component                                    ; 0.00 mW (0.00 mW)                    ; 0.00 mW (0.00 mW)               ; --                                ; 0.00 mW (0.00 mW)                 ; |GaussianMixtureModel|fft_wrapper:fft_inst|fft:fft_1|fft_fft_ii_0:fft_ii_0|auk_dspip_r22sdf_top:auk_dspip_r22sdf_top_inst|auk_dspip_r22sdf_core:r22sdf_core_inst|auk_dspip_r22sdf_stage:\gen_natural_order_core:gen_stages:1:r22_stage|auk_dspip_r22sdf_bfii:\gen_bfii:bfii_inst|auk_dspip_r22sdf_addsub:del_in_imag_comp_inst|lpm_add_sub:\gen_fixed:lpm_add_sub_component                                                                                                                                                ;
;                                         |add_sub_2pi:auto_generated                                                  ; 0.00 mW (0.00 mW)                    ; 0.00 mW (0.00 mW)               ; --                                ; 0.00 mW (0.00 mW)                 ; |GaussianMixtureModel|fft_wrapper:fft_inst|fft:fft_1|fft_fft_ii_0:fft_ii_0|auk_dspip_r22sdf_top:auk_dspip_r22sdf_top_inst|auk_dspip_r22sdf_core:r22sdf_core_inst|auk_dspip_r22sdf_stage:\gen_natural_order_core:gen_stages:1:r22_stage|auk_dspip_r22sdf_bfii:\gen_bfii:bfii_inst|auk_dspip_r22sdf_addsub:del_in_imag_comp_inst|lpm_add_sub:\gen_fixed:lpm_add_sub_component|add_sub_2pi:auto_generated                                                                                                                     ;
;                                 |auk_dspip_r22sdf_addsub:del_in_real_comp_inst                                       ; 0.00 mW (0.00 mW)                    ; 0.00 mW (0.00 mW)               ; --                                ; 0.00 mW (0.00 mW)                 ; |GaussianMixtureModel|fft_wrapper:fft_inst|fft:fft_1|fft_fft_ii_0:fft_ii_0|auk_dspip_r22sdf_top:auk_dspip_r22sdf_top_inst|auk_dspip_r22sdf_core:r22sdf_core_inst|auk_dspip_r22sdf_stage:\gen_natural_order_core:gen_stages:1:r22_stage|auk_dspip_r22sdf_bfii:\gen_bfii:bfii_inst|auk_dspip_r22sdf_addsub:del_in_real_comp_inst                                                                                                                                                                                             ;
;                                     |lpm_add_sub:\gen_fixed:lpm_add_sub_component                                    ; 0.00 mW (0.00 mW)                    ; 0.00 mW (0.00 mW)               ; --                                ; 0.00 mW (0.00 mW)                 ; |GaussianMixtureModel|fft_wrapper:fft_inst|fft:fft_1|fft_fft_ii_0:fft_ii_0|auk_dspip_r22sdf_top:auk_dspip_r22sdf_top_inst|auk_dspip_r22sdf_core:r22sdf_core_inst|auk_dspip_r22sdf_stage:\gen_natural_order_core:gen_stages:1:r22_stage|auk_dspip_r22sdf_bfii:\gen_bfii:bfii_inst|auk_dspip_r22sdf_addsub:del_in_real_comp_inst|lpm_add_sub:\gen_fixed:lpm_add_sub_component                                                                                                                                                ;
;                                         |add_sub_2pi:auto_generated                                                  ; 0.00 mW (0.00 mW)                    ; 0.00 mW (0.00 mW)               ; --                                ; 0.00 mW (0.00 mW)                 ; |GaussianMixtureModel|fft_wrapper:fft_inst|fft:fft_1|fft_fft_ii_0:fft_ii_0|auk_dspip_r22sdf_top:auk_dspip_r22sdf_top_inst|auk_dspip_r22sdf_core:r22sdf_core_inst|auk_dspip_r22sdf_stage:\gen_natural_order_core:gen_stages:1:r22_stage|auk_dspip_r22sdf_bfii:\gen_bfii:bfii_inst|auk_dspip_r22sdf_addsub:del_in_real_comp_inst|lpm_add_sub:\gen_fixed:lpm_add_sub_component|add_sub_2pi:auto_generated                                                                                                                     ;
;                                 |auk_dspip_r22sdf_addsub:in_imag_comp_inst                                           ; 0.00 mW (0.00 mW)                    ; 0.00 mW (0.00 mW)               ; --                                ; 0.00 mW (0.00 mW)                 ; |GaussianMixtureModel|fft_wrapper:fft_inst|fft:fft_1|fft_fft_ii_0:fft_ii_0|auk_dspip_r22sdf_top:auk_dspip_r22sdf_top_inst|auk_dspip_r22sdf_core:r22sdf_core_inst|auk_dspip_r22sdf_stage:\gen_natural_order_core:gen_stages:1:r22_stage|auk_dspip_r22sdf_bfii:\gen_bfii:bfii_inst|auk_dspip_r22sdf_addsub:in_imag_comp_inst                                                                                                                                                                                                 ;
;                                     |lpm_add_sub:\gen_fixed:lpm_add_sub_component                                    ; 0.00 mW (0.00 mW)                    ; 0.00 mW (0.00 mW)               ; --                                ; 0.00 mW (0.00 mW)                 ; |GaussianMixtureModel|fft_wrapper:fft_inst|fft:fft_1|fft_fft_ii_0:fft_ii_0|auk_dspip_r22sdf_top:auk_dspip_r22sdf_top_inst|auk_dspip_r22sdf_core:r22sdf_core_inst|auk_dspip_r22sdf_stage:\gen_natural_order_core:gen_stages:1:r22_stage|auk_dspip_r22sdf_bfii:\gen_bfii:bfii_inst|auk_dspip_r22sdf_addsub:in_imag_comp_inst|lpm_add_sub:\gen_fixed:lpm_add_sub_component                                                                                                                                                    ;
;                                         |add_sub_2pi:auto_generated                                                  ; 0.00 mW (0.00 mW)                    ; 0.00 mW (0.00 mW)               ; --                                ; 0.00 mW (0.00 mW)                 ; |GaussianMixtureModel|fft_wrapper:fft_inst|fft:fft_1|fft_fft_ii_0:fft_ii_0|auk_dspip_r22sdf_top:auk_dspip_r22sdf_top_inst|auk_dspip_r22sdf_core:r22sdf_core_inst|auk_dspip_r22sdf_stage:\gen_natural_order_core:gen_stages:1:r22_stage|auk_dspip_r22sdf_bfii:\gen_bfii:bfii_inst|auk_dspip_r22sdf_addsub:in_imag_comp_inst|lpm_add_sub:\gen_fixed:lpm_add_sub_component|add_sub_2pi:auto_generated                                                                                                                         ;
;                                 |auk_dspip_r22sdf_addsub:in_real_comp_inst                                           ; 0.00 mW (0.00 mW)                    ; 0.00 mW (0.00 mW)               ; --                                ; 0.00 mW (0.00 mW)                 ; |GaussianMixtureModel|fft_wrapper:fft_inst|fft:fft_1|fft_fft_ii_0:fft_ii_0|auk_dspip_r22sdf_top:auk_dspip_r22sdf_top_inst|auk_dspip_r22sdf_core:r22sdf_core_inst|auk_dspip_r22sdf_stage:\gen_natural_order_core:gen_stages:1:r22_stage|auk_dspip_r22sdf_bfii:\gen_bfii:bfii_inst|auk_dspip_r22sdf_addsub:in_real_comp_inst                                                                                                                                                                                                 ;
;                                     |lpm_add_sub:\gen_fixed:lpm_add_sub_component                                    ; 0.00 mW (0.00 mW)                    ; 0.00 mW (0.00 mW)               ; --                                ; 0.00 mW (0.00 mW)                 ; |GaussianMixtureModel|fft_wrapper:fft_inst|fft:fft_1|fft_fft_ii_0:fft_ii_0|auk_dspip_r22sdf_top:auk_dspip_r22sdf_top_inst|auk_dspip_r22sdf_core:r22sdf_core_inst|auk_dspip_r22sdf_stage:\gen_natural_order_core:gen_stages:1:r22_stage|auk_dspip_r22sdf_bfii:\gen_bfii:bfii_inst|auk_dspip_r22sdf_addsub:in_real_comp_inst|lpm_add_sub:\gen_fixed:lpm_add_sub_component                                                                                                                                                    ;
;                                         |add_sub_2pi:auto_generated                                                  ; 0.00 mW (0.00 mW)                    ; 0.00 mW (0.00 mW)               ; --                                ; 0.00 mW (0.00 mW)                 ; |GaussianMixtureModel|fft_wrapper:fft_inst|fft:fft_1|fft_fft_ii_0:fft_ii_0|auk_dspip_r22sdf_top:auk_dspip_r22sdf_top_inst|auk_dspip_r22sdf_core:r22sdf_core_inst|auk_dspip_r22sdf_stage:\gen_natural_order_core:gen_stages:1:r22_stage|auk_dspip_r22sdf_bfii:\gen_bfii:bfii_inst|auk_dspip_r22sdf_addsub:in_real_comp_inst|lpm_add_sub:\gen_fixed:lpm_add_sub_component|add_sub_2pi:auto_generated                                                                                                                         ;
;                             |auk_dspip_r22sdf_cma:\gen_cma:cma_fixedpt:cma_inst                                      ; 0.00 mW (0.00 mW)                    ; 0.00 mW (0.00 mW)               ; --                                ; 0.00 mW (0.00 mW)                 ; |GaussianMixtureModel|fft_wrapper:fft_inst|fft:fft_1|fft_fft_ii_0:fft_ii_0|auk_dspip_r22sdf_top:auk_dspip_r22sdf_top_inst|auk_dspip_r22sdf_core:r22sdf_core_inst|auk_dspip_r22sdf_stage:\gen_natural_order_core:gen_stages:1:r22_stage|auk_dspip_r22sdf_cma:\gen_cma:cma_fixedpt:cma_inst                                                                                                                                                                                                                                  ;
;                                 |altera_fft_mult_add:\NONA10_C_Mult_Archs:gen_small_mult:MULT_ADD_imag               ; 0.00 mW (0.00 mW)                    ; 0.00 mW (0.00 mW)               ; --                                ; 0.00 mW (0.00 mW)                 ; |GaussianMixtureModel|fft_wrapper:fft_inst|fft:fft_1|fft_fft_ii_0:fft_ii_0|auk_dspip_r22sdf_top:auk_dspip_r22sdf_top_inst|auk_dspip_r22sdf_core:r22sdf_core_inst|auk_dspip_r22sdf_stage:\gen_natural_order_core:gen_stages:1:r22_stage|auk_dspip_r22sdf_cma:\gen_cma:cma_fixedpt:cma_inst|altera_fft_mult_add:\NONA10_C_Mult_Archs:gen_small_mult:MULT_ADD_imag                                                                                                                                                            ;
;                                     |altera_fft_mult_add_old:\use_old_mult_add_gen:ALTMULT_ADD_component             ; 0.00 mW (0.00 mW)                    ; 0.00 mW (0.00 mW)               ; --                                ; 0.00 mW (0.00 mW)                 ; |GaussianMixtureModel|fft_wrapper:fft_inst|fft:fft_1|fft_fft_ii_0:fft_ii_0|auk_dspip_r22sdf_top:auk_dspip_r22sdf_top_inst|auk_dspip_r22sdf_core:r22sdf_core_inst|auk_dspip_r22sdf_stage:\gen_natural_order_core:gen_stages:1:r22_stage|auk_dspip_r22sdf_cma:\gen_cma:cma_fixedpt:cma_inst|altera_fft_mult_add:\NONA10_C_Mult_Archs:gen_small_mult:MULT_ADD_imag|altera_fft_mult_add_old:\use_old_mult_add_gen:ALTMULT_ADD_component                                                                                        ;
;                                         |altmult_add:ALTMULT_ADD_component                                           ; 0.00 mW (0.00 mW)                    ; 0.00 mW (0.00 mW)               ; --                                ; 0.00 mW (0.00 mW)                 ; |GaussianMixtureModel|fft_wrapper:fft_inst|fft:fft_1|fft_fft_ii_0:fft_ii_0|auk_dspip_r22sdf_top:auk_dspip_r22sdf_top_inst|auk_dspip_r22sdf_core:r22sdf_core_inst|auk_dspip_r22sdf_stage:\gen_natural_order_core:gen_stages:1:r22_stage|auk_dspip_r22sdf_cma:\gen_cma:cma_fixedpt:cma_inst|altera_fft_mult_add:\NONA10_C_Mult_Archs:gen_small_mult:MULT_ADD_imag|altera_fft_mult_add_old:\use_old_mult_add_gen:ALTMULT_ADD_component|altmult_add:ALTMULT_ADD_component                                                      ;
;                                             |mult_add_tv5g:auto_generated                                            ; 0.00 mW (0.00 mW)                    ; 0.00 mW (0.00 mW)               ; --                                ; 0.00 mW (0.00 mW)                 ; |GaussianMixtureModel|fft_wrapper:fft_inst|fft:fft_1|fft_fft_ii_0:fft_ii_0|auk_dspip_r22sdf_top:auk_dspip_r22sdf_top_inst|auk_dspip_r22sdf_core:r22sdf_core_inst|auk_dspip_r22sdf_stage:\gen_natural_order_core:gen_stages:1:r22_stage|auk_dspip_r22sdf_cma:\gen_cma:cma_fixedpt:cma_inst|altera_fft_mult_add:\NONA10_C_Mult_Archs:gen_small_mult:MULT_ADD_imag|altera_fft_mult_add_old:\use_old_mult_add_gen:ALTMULT_ADD_component|altmult_add:ALTMULT_ADD_component|mult_add_tv5g:auto_generated                         ;
;                                                 |ded_mult_dl81:ded_mult1                                             ; 0.00 mW (0.00 mW)                    ; 0.00 mW (0.00 mW)               ; --                                ; 0.00 mW (0.00 mW)                 ; |GaussianMixtureModel|fft_wrapper:fft_inst|fft:fft_1|fft_fft_ii_0:fft_ii_0|auk_dspip_r22sdf_top:auk_dspip_r22sdf_top_inst|auk_dspip_r22sdf_core:r22sdf_core_inst|auk_dspip_r22sdf_stage:\gen_natural_order_core:gen_stages:1:r22_stage|auk_dspip_r22sdf_cma:\gen_cma:cma_fixedpt:cma_inst|altera_fft_mult_add:\NONA10_C_Mult_Archs:gen_small_mult:MULT_ADD_imag|altera_fft_mult_add_old:\use_old_mult_add_gen:ALTMULT_ADD_component|altmult_add:ALTMULT_ADD_component|mult_add_tv5g:auto_generated|ded_mult_dl81:ded_mult1 ;
;                                                 |ded_mult_dl81:ded_mult2                                             ; 0.00 mW (0.00 mW)                    ; 0.00 mW (0.00 mW)               ; --                                ; 0.00 mW (0.00 mW)                 ; |GaussianMixtureModel|fft_wrapper:fft_inst|fft:fft_1|fft_fft_ii_0:fft_ii_0|auk_dspip_r22sdf_top:auk_dspip_r22sdf_top_inst|auk_dspip_r22sdf_core:r22sdf_core_inst|auk_dspip_r22sdf_stage:\gen_natural_order_core:gen_stages:1:r22_stage|auk_dspip_r22sdf_cma:\gen_cma:cma_fixedpt:cma_inst|altera_fft_mult_add:\NONA10_C_Mult_Archs:gen_small_mult:MULT_ADD_imag|altera_fft_mult_add_old:\use_old_mult_add_gen:ALTMULT_ADD_component|altmult_add:ALTMULT_ADD_component|mult_add_tv5g:auto_generated|ded_mult_dl81:ded_mult2 ;
;                                 |altera_fft_mult_add:\NONA10_C_Mult_Archs:gen_small_mult:MULT_ADD_real               ; 0.00 mW (0.00 mW)                    ; 0.00 mW (0.00 mW)               ; --                                ; 0.00 mW (0.00 mW)                 ; |GaussianMixtureModel|fft_wrapper:fft_inst|fft:fft_1|fft_fft_ii_0:fft_ii_0|auk_dspip_r22sdf_top:auk_dspip_r22sdf_top_inst|auk_dspip_r22sdf_core:r22sdf_core_inst|auk_dspip_r22sdf_stage:\gen_natural_order_core:gen_stages:1:r22_stage|auk_dspip_r22sdf_cma:\gen_cma:cma_fixedpt:cma_inst|altera_fft_mult_add:\NONA10_C_Mult_Archs:gen_small_mult:MULT_ADD_real                                                                                                                                                            ;
;                                     |altera_fft_mult_add_old:\use_old_mult_add_gen:ALTMULT_ADD_component             ; 0.00 mW (0.00 mW)                    ; 0.00 mW (0.00 mW)               ; --                                ; 0.00 mW (0.00 mW)                 ; |GaussianMixtureModel|fft_wrapper:fft_inst|fft:fft_1|fft_fft_ii_0:fft_ii_0|auk_dspip_r22sdf_top:auk_dspip_r22sdf_top_inst|auk_dspip_r22sdf_core:r22sdf_core_inst|auk_dspip_r22sdf_stage:\gen_natural_order_core:gen_stages:1:r22_stage|auk_dspip_r22sdf_cma:\gen_cma:cma_fixedpt:cma_inst|altera_fft_mult_add:\NONA10_C_Mult_Archs:gen_small_mult:MULT_ADD_real|altera_fft_mult_add_old:\use_old_mult_add_gen:ALTMULT_ADD_component                                                                                        ;
;                                         |altmult_add:ALTMULT_ADD_component                                           ; 0.00 mW (0.00 mW)                    ; 0.00 mW (0.00 mW)               ; --                                ; 0.00 mW (0.00 mW)                 ; |GaussianMixtureModel|fft_wrapper:fft_inst|fft:fft_1|fft_fft_ii_0:fft_ii_0|auk_dspip_r22sdf_top:auk_dspip_r22sdf_top_inst|auk_dspip_r22sdf_core:r22sdf_core_inst|auk_dspip_r22sdf_stage:\gen_natural_order_core:gen_stages:1:r22_stage|auk_dspip_r22sdf_cma:\gen_cma:cma_fixedpt:cma_inst|altera_fft_mult_add:\NONA10_C_Mult_Archs:gen_small_mult:MULT_ADD_real|altera_fft_mult_add_old:\use_old_mult_add_gen:ALTMULT_ADD_component|altmult_add:ALTMULT_ADD_component                                                      ;
;                                             |mult_add_u06g:auto_generated                                            ; 0.00 mW (0.00 mW)                    ; 0.00 mW (0.00 mW)               ; --                                ; 0.00 mW (0.00 mW)                 ; |GaussianMixtureModel|fft_wrapper:fft_inst|fft:fft_1|fft_fft_ii_0:fft_ii_0|auk_dspip_r22sdf_top:auk_dspip_r22sdf_top_inst|auk_dspip_r22sdf_core:r22sdf_core_inst|auk_dspip_r22sdf_stage:\gen_natural_order_core:gen_stages:1:r22_stage|auk_dspip_r22sdf_cma:\gen_cma:cma_fixedpt:cma_inst|altera_fft_mult_add:\NONA10_C_Mult_Archs:gen_small_mult:MULT_ADD_real|altera_fft_mult_add_old:\use_old_mult_add_gen:ALTMULT_ADD_component|altmult_add:ALTMULT_ADD_component|mult_add_u06g:auto_generated                         ;
;                                                 |ded_mult_dl81:ded_mult1                                             ; 0.00 mW (0.00 mW)                    ; 0.00 mW (0.00 mW)               ; --                                ; 0.00 mW (0.00 mW)                 ; |GaussianMixtureModel|fft_wrapper:fft_inst|fft:fft_1|fft_fft_ii_0:fft_ii_0|auk_dspip_r22sdf_top:auk_dspip_r22sdf_top_inst|auk_dspip_r22sdf_core:r22sdf_core_inst|auk_dspip_r22sdf_stage:\gen_natural_order_core:gen_stages:1:r22_stage|auk_dspip_r22sdf_cma:\gen_cma:cma_fixedpt:cma_inst|altera_fft_mult_add:\NONA10_C_Mult_Archs:gen_small_mult:MULT_ADD_real|altera_fft_mult_add_old:\use_old_mult_add_gen:ALTMULT_ADD_component|altmult_add:ALTMULT_ADD_component|mult_add_u06g:auto_generated|ded_mult_dl81:ded_mult1 ;
;                                                 |ded_mult_dl81:ded_mult2                                             ; 0.00 mW (0.00 mW)                    ; 0.00 mW (0.00 mW)               ; --                                ; 0.00 mW (0.00 mW)                 ; |GaussianMixtureModel|fft_wrapper:fft_inst|fft:fft_1|fft_fft_ii_0:fft_ii_0|auk_dspip_r22sdf_top:auk_dspip_r22sdf_top_inst|auk_dspip_r22sdf_core:r22sdf_core_inst|auk_dspip_r22sdf_stage:\gen_natural_order_core:gen_stages:1:r22_stage|auk_dspip_r22sdf_cma:\gen_cma:cma_fixedpt:cma_inst|altera_fft_mult_add:\NONA10_C_Mult_Archs:gen_small_mult:MULT_ADD_real|altera_fft_mult_add_old:\use_old_mult_add_gen:ALTMULT_ADD_component|altmult_add:ALTMULT_ADD_component|mult_add_u06g:auto_generated|ded_mult_dl81:ded_mult2 ;
;                                 |auk_dspip_roundsat:\NONA10_C_Mult_Archs:gen_small_mult:round_imag                   ; 0.00 mW (0.00 mW)                    ; 0.00 mW (0.00 mW)               ; --                                ; 0.00 mW (0.00 mW)                 ; |GaussianMixtureModel|fft_wrapper:fft_inst|fft:fft_1|fft_fft_ii_0:fft_ii_0|auk_dspip_r22sdf_top:auk_dspip_r22sdf_top_inst|auk_dspip_r22sdf_core:r22sdf_core_inst|auk_dspip_r22sdf_stage:\gen_natural_order_core:gen_stages:1:r22_stage|auk_dspip_r22sdf_cma:\gen_cma:cma_fixedpt:cma_inst|auk_dspip_roundsat:\NONA10_C_Mult_Archs:gen_small_mult:round_imag                                                                                                                                                                ;
;                                 |auk_dspip_roundsat:\NONA10_C_Mult_Archs:gen_small_mult:round_real                   ; 0.00 mW (0.00 mW)                    ; 0.00 mW (0.00 mW)               ; --                                ; 0.00 mW (0.00 mW)                 ; |GaussianMixtureModel|fft_wrapper:fft_inst|fft:fft_1|fft_fft_ii_0:fft_ii_0|auk_dspip_r22sdf_top:auk_dspip_r22sdf_top_inst|auk_dspip_r22sdf_core:r22sdf_core_inst|auk_dspip_r22sdf_stage:\gen_natural_order_core:gen_stages:1:r22_stage|auk_dspip_r22sdf_cma:\gen_cma:cma_fixedpt:cma_inst|auk_dspip_roundsat:\NONA10_C_Mult_Archs:gen_small_mult:round_real                                                                                                                                                                ;
;                                 |auk_dspip_r22sdf_counter:bf_counter_inst                                            ; 0.00 mW (0.00 mW)                    ; 0.00 mW (0.00 mW)               ; --                                ; 0.00 mW (0.00 mW)                 ; |GaussianMixtureModel|fft_wrapper:fft_inst|fft:fft_1|fft_fft_ii_0:fft_ii_0|auk_dspip_r22sdf_top:auk_dspip_r22sdf_top_inst|auk_dspip_r22sdf_core:r22sdf_core_inst|auk_dspip_r22sdf_stage:\gen_natural_order_core:gen_stages:1:r22_stage|auk_dspip_r22sdf_cma:\gen_cma:cma_fixedpt:cma_inst|auk_dspip_r22sdf_counter:bf_counter_inst                                                                                                                                                                                         ;
;                         |auk_dspip_r22sdf_stg_pipe:\gen_natural_order_core:gen_stages:2:gen_stg_connect:stg_connect  ; 0.00 mW (0.00 mW)                    ; 0.00 mW (0.00 mW)               ; --                                ; 0.00 mW (0.00 mW)                 ; |GaussianMixtureModel|fft_wrapper:fft_inst|fft:fft_1|fft_fft_ii_0:fft_ii_0|auk_dspip_r22sdf_top:auk_dspip_r22sdf_top_inst|auk_dspip_r22sdf_core:r22sdf_core_inst|auk_dspip_r22sdf_stg_pipe:\gen_natural_order_core:gen_stages:2:gen_stg_connect:stg_connect                                                                                                                                                                                                                                                                ;
;                         |auk_dspip_r22sdf_twrom:\gen_natural_order_core:gen_stages:2:gen_twiddles:stg_twidrom2       ; 0.00 mW (0.00 mW)                    ; 0.00 mW (0.00 mW)               ; --                                ; 0.00 mW (0.00 mW)                 ; |GaussianMixtureModel|fft_wrapper:fft_inst|fft:fft_1|fft_fft_ii_0:fft_ii_0|auk_dspip_r22sdf_top:auk_dspip_r22sdf_top_inst|auk_dspip_r22sdf_core:r22sdf_core_inst|auk_dspip_r22sdf_twrom:\gen_natural_order_core:gen_stages:2:gen_twiddles:stg_twidrom2                                                                                                                                                                                                                                                                     ;
;                             |counter_module:\gen_optimized_memory_delayed:gen_non_pwr_2:cnt_array_gen:0:cnt_w_k_inst ; 0.00 mW (0.00 mW)                    ; 0.00 mW (0.00 mW)               ; --                                ; 0.00 mW (0.00 mW)                 ; |GaussianMixtureModel|fft_wrapper:fft_inst|fft:fft_1|fft_fft_ii_0:fft_ii_0|auk_dspip_r22sdf_top:auk_dspip_r22sdf_top_inst|auk_dspip_r22sdf_core:r22sdf_core_inst|auk_dspip_r22sdf_twrom:\gen_natural_order_core:gen_stages:2:gen_twiddles:stg_twidrom2|counter_module:\gen_optimized_memory_delayed:gen_non_pwr_2:cnt_array_gen:0:cnt_w_k_inst                                                                                                                                                                             ;
;                             |counter_module:\gen_optimized_memory_delayed:gen_non_pwr_2:cnt_array_gen:1:cnt_w_k_inst ; 0.00 mW (0.00 mW)                    ; 0.00 mW (0.00 mW)               ; --                                ; 0.00 mW (0.00 mW)                 ; |GaussianMixtureModel|fft_wrapper:fft_inst|fft:fft_1|fft_fft_ii_0:fft_ii_0|auk_dspip_r22sdf_top:auk_dspip_r22sdf_top_inst|auk_dspip_r22sdf_core:r22sdf_core_inst|auk_dspip_r22sdf_twrom:\gen_natural_order_core:gen_stages:2:gen_twiddles:stg_twidrom2|counter_module:\gen_optimized_memory_delayed:gen_non_pwr_2:cnt_array_gen:1:cnt_w_k_inst                                                                                                                                                                             ;
;                             |counter_module:\gen_optimized_memory_delayed:gen_non_pwr_2:cnt_array_gen:2:cnt_w_k_inst ; 0.00 mW (0.00 mW)                    ; 0.00 mW (0.00 mW)               ; --                                ; 0.00 mW (0.00 mW)                 ; |GaussianMixtureModel|fft_wrapper:fft_inst|fft:fft_1|fft_fft_ii_0:fft_ii_0|auk_dspip_r22sdf_top:auk_dspip_r22sdf_top_inst|auk_dspip_r22sdf_core:r22sdf_core_inst|auk_dspip_r22sdf_twrom:\gen_natural_order_core:gen_stages:2:gen_twiddles:stg_twidrom2|counter_module:\gen_optimized_memory_delayed:gen_non_pwr_2:cnt_array_gen:2:cnt_w_k_inst                                                                                                                                                                             ;
;                             |altera_fft_single_port_rom:\gen_optimized_memory_delayed:single_port_rom_component_imag ; 0.00 mW (0.00 mW)                    ; 0.00 mW (0.00 mW)               ; --                                ; 0.00 mW (0.00 mW)                 ; |GaussianMixtureModel|fft_wrapper:fft_inst|fft:fft_1|fft_fft_ii_0:fft_ii_0|auk_dspip_r22sdf_top:auk_dspip_r22sdf_top_inst|auk_dspip_r22sdf_core:r22sdf_core_inst|auk_dspip_r22sdf_twrom:\gen_natural_order_core:gen_stages:2:gen_twiddles:stg_twidrom2|altera_fft_single_port_rom:\gen_optimized_memory_delayed:single_port_rom_component_imag                                                                                                                                                                             ;
;                                 |altsyncram:\old_ram_gen:old_ram_component                                           ; 0.00 mW (0.00 mW)                    ; 0.00 mW (0.00 mW)               ; --                                ; 0.00 mW (0.00 mW)                 ; |GaussianMixtureModel|fft_wrapper:fft_inst|fft:fft_1|fft_fft_ii_0:fft_ii_0|auk_dspip_r22sdf_top:auk_dspip_r22sdf_top_inst|auk_dspip_r22sdf_core:r22sdf_core_inst|auk_dspip_r22sdf_twrom:\gen_natural_order_core:gen_stages:2:gen_twiddles:stg_twidrom2|altera_fft_single_port_rom:\gen_optimized_memory_delayed:single_port_rom_component_imag|altsyncram:\old_ram_gen:old_ram_component                                                                                                                                   ;
;                                     |altsyncram_aos3:auto_generated                                                  ; 0.00 mW (0.00 mW)                    ; 0.00 mW (0.00 mW)               ; --                                ; 0.00 mW (0.00 mW)                 ; |GaussianMixtureModel|fft_wrapper:fft_inst|fft:fft_1|fft_fft_ii_0:fft_ii_0|auk_dspip_r22sdf_top:auk_dspip_r22sdf_top_inst|auk_dspip_r22sdf_core:r22sdf_core_inst|auk_dspip_r22sdf_twrom:\gen_natural_order_core:gen_stages:2:gen_twiddles:stg_twidrom2|altera_fft_single_port_rom:\gen_optimized_memory_delayed:single_port_rom_component_imag|altsyncram:\old_ram_gen:old_ram_component|altsyncram_aos3:auto_generated                                                                                                    ;
;                             |altera_fft_single_port_rom:\gen_optimized_memory_delayed:single_port_rom_component_real ; 0.00 mW (0.00 mW)                    ; 0.00 mW (0.00 mW)               ; --                                ; 0.00 mW (0.00 mW)                 ; |GaussianMixtureModel|fft_wrapper:fft_inst|fft:fft_1|fft_fft_ii_0:fft_ii_0|auk_dspip_r22sdf_top:auk_dspip_r22sdf_top_inst|auk_dspip_r22sdf_core:r22sdf_core_inst|auk_dspip_r22sdf_twrom:\gen_natural_order_core:gen_stages:2:gen_twiddles:stg_twidrom2|altera_fft_single_port_rom:\gen_optimized_memory_delayed:single_port_rom_component_real                                                                                                                                                                             ;
;                                 |altsyncram:\old_ram_gen:old_ram_component                                           ; 0.00 mW (0.00 mW)                    ; 0.00 mW (0.00 mW)               ; --                                ; 0.00 mW (0.00 mW)                 ; |GaussianMixtureModel|fft_wrapper:fft_inst|fft:fft_1|fft_fft_ii_0:fft_ii_0|auk_dspip_r22sdf_top:auk_dspip_r22sdf_top_inst|auk_dspip_r22sdf_core:r22sdf_core_inst|auk_dspip_r22sdf_twrom:\gen_natural_order_core:gen_stages:2:gen_twiddles:stg_twidrom2|altera_fft_single_port_rom:\gen_optimized_memory_delayed:single_port_rom_component_real|altsyncram:\old_ram_gen:old_ram_component                                                                                                                                   ;
;                                     |altsyncram_aos3:auto_generated                                                  ; 0.00 mW (0.00 mW)                    ; 0.00 mW (0.00 mW)               ; --                                ; 0.00 mW (0.00 mW)                 ; |GaussianMixtureModel|fft_wrapper:fft_inst|fft:fft_1|fft_fft_ii_0:fft_ii_0|auk_dspip_r22sdf_top:auk_dspip_r22sdf_top_inst|auk_dspip_r22sdf_core:r22sdf_core_inst|auk_dspip_r22sdf_twrom:\gen_natural_order_core:gen_stages:2:gen_twiddles:stg_twidrom2|altera_fft_single_port_rom:\gen_optimized_memory_delayed:single_port_rom_component_real|altsyncram:\old_ram_gen:old_ram_component|altsyncram_aos3:auto_generated                                                                                                    ;
;                         |auk_dspip_r22sdf_stage:\gen_natural_order_core:gen_stages:2:r22_stage                       ; 0.00 mW (0.00 mW)                    ; 0.00 mW (0.00 mW)               ; --                                ; 0.00 mW (0.00 mW)                 ; |GaussianMixtureModel|fft_wrapper:fft_inst|fft:fft_1|fft_fft_ii_0:fft_ii_0|auk_dspip_r22sdf_top:auk_dspip_r22sdf_top_inst|auk_dspip_r22sdf_core:r22sdf_core_inst|auk_dspip_r22sdf_stage:\gen_natural_order_core:gen_stages:2:r22_stage                                                                                                                                                                                                                                                                                     ;
;                             |auk_dspip_r22sdf_delay:\gen_bfi:bfi_delblk_real                                         ; 0.00 mW (0.00 mW)                    ; 0.00 mW (0.00 mW)               ; --                                ; 0.00 mW (0.00 mW)                 ; |GaussianMixtureModel|fft_wrapper:fft_inst|fft:fft_1|fft_fft_ii_0:fft_ii_0|auk_dspip_r22sdf_top:auk_dspip_r22sdf_top_inst|auk_dspip_r22sdf_core:r22sdf_core_inst|auk_dspip_r22sdf_stage:\gen_natural_order_core:gen_stages:2:r22_stage|auk_dspip_r22sdf_delay:\gen_bfi:bfi_delblk_real                                                                                                                                                                                                                                     ;
;                                 |counter_module:\gen_m4k_delay:move_rdptr_inst                                       ; 0.00 mW (0.00 mW)                    ; 0.00 mW (0.00 mW)               ; --                                ; 0.00 mW (0.00 mW)                 ; |GaussianMixtureModel|fft_wrapper:fft_inst|fft:fft_1|fft_fft_ii_0:fft_ii_0|auk_dspip_r22sdf_top:auk_dspip_r22sdf_top_inst|auk_dspip_r22sdf_core:r22sdf_core_inst|auk_dspip_r22sdf_stage:\gen_natural_order_core:gen_stages:2:r22_stage|auk_dspip_r22sdf_delay:\gen_bfi:bfi_delblk_real|counter_module:\gen_m4k_delay:move_rdptr_inst                                                                                                                                                                                       ;
;                                 |counter_module:\gen_m4k_delay:move_wrptr_inst                                       ; 0.00 mW (0.00 mW)                    ; 0.00 mW (0.00 mW)               ; --                                ; 0.00 mW (0.00 mW)                 ; |GaussianMixtureModel|fft_wrapper:fft_inst|fft:fft_1|fft_fft_ii_0:fft_ii_0|auk_dspip_r22sdf_top:auk_dspip_r22sdf_top_inst|auk_dspip_r22sdf_core:r22sdf_core_inst|auk_dspip_r22sdf_stage:\gen_natural_order_core:gen_stages:2:r22_stage|auk_dspip_r22sdf_delay:\gen_bfi:bfi_delblk_real|counter_module:\gen_m4k_delay:move_wrptr_inst                                                                                                                                                                                       ;
;                                 |altera_fft_dual_port_ram:\gen_m4k_delay:ram_component                               ; 0.00 mW (0.00 mW)                    ; 0.00 mW (0.00 mW)               ; --                                ; 0.00 mW (0.00 mW)                 ; |GaussianMixtureModel|fft_wrapper:fft_inst|fft:fft_1|fft_fft_ii_0:fft_ii_0|auk_dspip_r22sdf_top:auk_dspip_r22sdf_top_inst|auk_dspip_r22sdf_core:r22sdf_core_inst|auk_dspip_r22sdf_stage:\gen_natural_order_core:gen_stages:2:r22_stage|auk_dspip_r22sdf_delay:\gen_bfi:bfi_delblk_real|altera_fft_dual_port_ram:\gen_m4k_delay:ram_component                                                                                                                                                                               ;
;                                     |altsyncram:\old_ram_gen:old_ram_component                                       ; 0.00 mW (0.00 mW)                    ; 0.00 mW (0.00 mW)               ; --                                ; 0.00 mW (0.00 mW)                 ; |GaussianMixtureModel|fft_wrapper:fft_inst|fft:fft_1|fft_fft_ii_0:fft_ii_0|auk_dspip_r22sdf_top:auk_dspip_r22sdf_top_inst|auk_dspip_r22sdf_core:r22sdf_core_inst|auk_dspip_r22sdf_stage:\gen_natural_order_core:gen_stages:2:r22_stage|auk_dspip_r22sdf_delay:\gen_bfi:bfi_delblk_real|altera_fft_dual_port_ram:\gen_m4k_delay:ram_component|altsyncram:\old_ram_gen:old_ram_component                                                                                                                                     ;
;                                         |altsyncram_dbp3:auto_generated                                              ; 0.00 mW (0.00 mW)                    ; 0.00 mW (0.00 mW)               ; --                                ; 0.00 mW (0.00 mW)                 ; |GaussianMixtureModel|fft_wrapper:fft_inst|fft:fft_1|fft_fft_ii_0:fft_ii_0|auk_dspip_r22sdf_top:auk_dspip_r22sdf_top_inst|auk_dspip_r22sdf_core:r22sdf_core_inst|auk_dspip_r22sdf_stage:\gen_natural_order_core:gen_stages:2:r22_stage|auk_dspip_r22sdf_delay:\gen_bfi:bfi_delblk_real|altera_fft_dual_port_ram:\gen_m4k_delay:ram_component|altsyncram:\old_ram_gen:old_ram_component|altsyncram_dbp3:auto_generated                                                                                                      ;
;                             |auk_dspip_r22sdf_bfi:\gen_bfi:bfi_inst                                                  ; 0.00 mW (0.00 mW)                    ; 0.00 mW (0.00 mW)               ; --                                ; 0.00 mW (0.00 mW)                 ; |GaussianMixtureModel|fft_wrapper:fft_inst|fft:fft_1|fft_fft_ii_0:fft_ii_0|auk_dspip_r22sdf_top:auk_dspip_r22sdf_top_inst|auk_dspip_r22sdf_core:r22sdf_core_inst|auk_dspip_r22sdf_stage:\gen_natural_order_core:gen_stages:2:r22_stage|auk_dspip_r22sdf_bfi:\gen_bfi:bfi_inst                                                                                                                                                                                                                                              ;
;                                 |auk_dspip_r22sdf_bf_control:bf_control_inst                                         ; 0.00 mW (0.00 mW)                    ; 0.00 mW (0.00 mW)               ; --                                ; 0.00 mW (0.00 mW)                 ; |GaussianMixtureModel|fft_wrapper:fft_inst|fft:fft_1|fft_fft_ii_0:fft_ii_0|auk_dspip_r22sdf_top:auk_dspip_r22sdf_top_inst|auk_dspip_r22sdf_core:r22sdf_core_inst|auk_dspip_r22sdf_stage:\gen_natural_order_core:gen_stages:2:r22_stage|auk_dspip_r22sdf_bfi:\gen_bfi:bfi_inst|auk_dspip_r22sdf_bf_control:bf_control_inst                                                                                                                                                                                                  ;
;                                     |auk_dspip_r22sdf_counter:bf_counter_inst                                        ; 0.00 mW (0.00 mW)                    ; 0.00 mW (0.00 mW)               ; --                                ; 0.00 mW (0.00 mW)                 ; |GaussianMixtureModel|fft_wrapper:fft_inst|fft:fft_1|fft_fft_ii_0:fft_ii_0|auk_dspip_r22sdf_top:auk_dspip_r22sdf_top_inst|auk_dspip_r22sdf_core:r22sdf_core_inst|auk_dspip_r22sdf_stage:\gen_natural_order_core:gen_stages:2:r22_stage|auk_dspip_r22sdf_bfi:\gen_bfi:bfi_inst|auk_dspip_r22sdf_bf_control:bf_control_inst|auk_dspip_r22sdf_counter:bf_counter_inst                                                                                                                                                         ;
;                                 |auk_dspip_r22sdf_addsub:del_in_imag_comp_inst                                       ; 0.00 mW (0.00 mW)                    ; 0.00 mW (0.00 mW)               ; --                                ; 0.00 mW (0.00 mW)                 ; |GaussianMixtureModel|fft_wrapper:fft_inst|fft:fft_1|fft_fft_ii_0:fft_ii_0|auk_dspip_r22sdf_top:auk_dspip_r22sdf_top_inst|auk_dspip_r22sdf_core:r22sdf_core_inst|auk_dspip_r22sdf_stage:\gen_natural_order_core:gen_stages:2:r22_stage|auk_dspip_r22sdf_bfi:\gen_bfi:bfi_inst|auk_dspip_r22sdf_addsub:del_in_imag_comp_inst                                                                                                                                                                                                ;
;                                     |lpm_add_sub:\gen_fixed:lpm_add_sub_component                                    ; 0.00 mW (0.00 mW)                    ; 0.00 mW (0.00 mW)               ; --                                ; 0.00 mW (0.00 mW)                 ; |GaussianMixtureModel|fft_wrapper:fft_inst|fft:fft_1|fft_fft_ii_0:fft_ii_0|auk_dspip_r22sdf_top:auk_dspip_r22sdf_top_inst|auk_dspip_r22sdf_core:r22sdf_core_inst|auk_dspip_r22sdf_stage:\gen_natural_order_core:gen_stages:2:r22_stage|auk_dspip_r22sdf_bfi:\gen_bfi:bfi_inst|auk_dspip_r22sdf_addsub:del_in_imag_comp_inst|lpm_add_sub:\gen_fixed:lpm_add_sub_component                                                                                                                                                   ;
;                                         |add_sub_3pi:auto_generated                                                  ; 0.00 mW (0.00 mW)                    ; 0.00 mW (0.00 mW)               ; --                                ; 0.00 mW (0.00 mW)                 ; |GaussianMixtureModel|fft_wrapper:fft_inst|fft:fft_1|fft_fft_ii_0:fft_ii_0|auk_dspip_r22sdf_top:auk_dspip_r22sdf_top_inst|auk_dspip_r22sdf_core:r22sdf_core_inst|auk_dspip_r22sdf_stage:\gen_natural_order_core:gen_stages:2:r22_stage|auk_dspip_r22sdf_bfi:\gen_bfi:bfi_inst|auk_dspip_r22sdf_addsub:del_in_imag_comp_inst|lpm_add_sub:\gen_fixed:lpm_add_sub_component|add_sub_3pi:auto_generated                                                                                                                        ;
;                                 |auk_dspip_r22sdf_addsub:del_in_real_comp_inst                                       ; 0.00 mW (0.00 mW)                    ; 0.00 mW (0.00 mW)               ; --                                ; 0.00 mW (0.00 mW)                 ; |GaussianMixtureModel|fft_wrapper:fft_inst|fft:fft_1|fft_fft_ii_0:fft_ii_0|auk_dspip_r22sdf_top:auk_dspip_r22sdf_top_inst|auk_dspip_r22sdf_core:r22sdf_core_inst|auk_dspip_r22sdf_stage:\gen_natural_order_core:gen_stages:2:r22_stage|auk_dspip_r22sdf_bfi:\gen_bfi:bfi_inst|auk_dspip_r22sdf_addsub:del_in_real_comp_inst                                                                                                                                                                                                ;
;                                     |lpm_add_sub:\gen_fixed:lpm_add_sub_component                                    ; 0.00 mW (0.00 mW)                    ; 0.00 mW (0.00 mW)               ; --                                ; 0.00 mW (0.00 mW)                 ; |GaussianMixtureModel|fft_wrapper:fft_inst|fft:fft_1|fft_fft_ii_0:fft_ii_0|auk_dspip_r22sdf_top:auk_dspip_r22sdf_top_inst|auk_dspip_r22sdf_core:r22sdf_core_inst|auk_dspip_r22sdf_stage:\gen_natural_order_core:gen_stages:2:r22_stage|auk_dspip_r22sdf_bfi:\gen_bfi:bfi_inst|auk_dspip_r22sdf_addsub:del_in_real_comp_inst|lpm_add_sub:\gen_fixed:lpm_add_sub_component                                                                                                                                                   ;
;                                         |add_sub_3pi:auto_generated                                                  ; 0.00 mW (0.00 mW)                    ; 0.00 mW (0.00 mW)               ; --                                ; 0.00 mW (0.00 mW)                 ; |GaussianMixtureModel|fft_wrapper:fft_inst|fft:fft_1|fft_fft_ii_0:fft_ii_0|auk_dspip_r22sdf_top:auk_dspip_r22sdf_top_inst|auk_dspip_r22sdf_core:r22sdf_core_inst|auk_dspip_r22sdf_stage:\gen_natural_order_core:gen_stages:2:r22_stage|auk_dspip_r22sdf_bfi:\gen_bfi:bfi_inst|auk_dspip_r22sdf_addsub:del_in_real_comp_inst|lpm_add_sub:\gen_fixed:lpm_add_sub_component|add_sub_3pi:auto_generated                                                                                                                        ;
;                                 |auk_dspip_r22sdf_addsub:in_imag_comp_inst                                           ; 0.00 mW (0.00 mW)                    ; 0.00 mW (0.00 mW)               ; --                                ; 0.00 mW (0.00 mW)                 ; |GaussianMixtureModel|fft_wrapper:fft_inst|fft:fft_1|fft_fft_ii_0:fft_ii_0|auk_dspip_r22sdf_top:auk_dspip_r22sdf_top_inst|auk_dspip_r22sdf_core:r22sdf_core_inst|auk_dspip_r22sdf_stage:\gen_natural_order_core:gen_stages:2:r22_stage|auk_dspip_r22sdf_bfi:\gen_bfi:bfi_inst|auk_dspip_r22sdf_addsub:in_imag_comp_inst                                                                                                                                                                                                    ;
;                                     |lpm_add_sub:\gen_fixed:lpm_add_sub_component                                    ; 0.00 mW (0.00 mW)                    ; 0.00 mW (0.00 mW)               ; --                                ; 0.00 mW (0.00 mW)                 ; |GaussianMixtureModel|fft_wrapper:fft_inst|fft:fft_1|fft_fft_ii_0:fft_ii_0|auk_dspip_r22sdf_top:auk_dspip_r22sdf_top_inst|auk_dspip_r22sdf_core:r22sdf_core_inst|auk_dspip_r22sdf_stage:\gen_natural_order_core:gen_stages:2:r22_stage|auk_dspip_r22sdf_bfi:\gen_bfi:bfi_inst|auk_dspip_r22sdf_addsub:in_imag_comp_inst|lpm_add_sub:\gen_fixed:lpm_add_sub_component                                                                                                                                                       ;
;                                         |add_sub_3pi:auto_generated                                                  ; 0.00 mW (0.00 mW)                    ; 0.00 mW (0.00 mW)               ; --                                ; 0.00 mW (0.00 mW)                 ; |GaussianMixtureModel|fft_wrapper:fft_inst|fft:fft_1|fft_fft_ii_0:fft_ii_0|auk_dspip_r22sdf_top:auk_dspip_r22sdf_top_inst|auk_dspip_r22sdf_core:r22sdf_core_inst|auk_dspip_r22sdf_stage:\gen_natural_order_core:gen_stages:2:r22_stage|auk_dspip_r22sdf_bfi:\gen_bfi:bfi_inst|auk_dspip_r22sdf_addsub:in_imag_comp_inst|lpm_add_sub:\gen_fixed:lpm_add_sub_component|add_sub_3pi:auto_generated                                                                                                                            ;
;                                 |auk_dspip_r22sdf_addsub:in_real_comp_inst                                           ; 0.00 mW (0.00 mW)                    ; 0.00 mW (0.00 mW)               ; --                                ; 0.00 mW (0.00 mW)                 ; |GaussianMixtureModel|fft_wrapper:fft_inst|fft:fft_1|fft_fft_ii_0:fft_ii_0|auk_dspip_r22sdf_top:auk_dspip_r22sdf_top_inst|auk_dspip_r22sdf_core:r22sdf_core_inst|auk_dspip_r22sdf_stage:\gen_natural_order_core:gen_stages:2:r22_stage|auk_dspip_r22sdf_bfi:\gen_bfi:bfi_inst|auk_dspip_r22sdf_addsub:in_real_comp_inst                                                                                                                                                                                                    ;
;                                     |lpm_add_sub:\gen_fixed:lpm_add_sub_component                                    ; 0.00 mW (0.00 mW)                    ; 0.00 mW (0.00 mW)               ; --                                ; 0.00 mW (0.00 mW)                 ; |GaussianMixtureModel|fft_wrapper:fft_inst|fft:fft_1|fft_fft_ii_0:fft_ii_0|auk_dspip_r22sdf_top:auk_dspip_r22sdf_top_inst|auk_dspip_r22sdf_core:r22sdf_core_inst|auk_dspip_r22sdf_stage:\gen_natural_order_core:gen_stages:2:r22_stage|auk_dspip_r22sdf_bfi:\gen_bfi:bfi_inst|auk_dspip_r22sdf_addsub:in_real_comp_inst|lpm_add_sub:\gen_fixed:lpm_add_sub_component                                                                                                                                                       ;
;                                         |add_sub_3pi:auto_generated                                                  ; 0.00 mW (0.00 mW)                    ; 0.00 mW (0.00 mW)               ; --                                ; 0.00 mW (0.00 mW)                 ; |GaussianMixtureModel|fft_wrapper:fft_inst|fft:fft_1|fft_fft_ii_0:fft_ii_0|auk_dspip_r22sdf_top:auk_dspip_r22sdf_top_inst|auk_dspip_r22sdf_core:r22sdf_core_inst|auk_dspip_r22sdf_stage:\gen_natural_order_core:gen_stages:2:r22_stage|auk_dspip_r22sdf_bfi:\gen_bfi:bfi_inst|auk_dspip_r22sdf_addsub:in_real_comp_inst|lpm_add_sub:\gen_fixed:lpm_add_sub_component|add_sub_3pi:auto_generated                                                                                                                            ;
;                             |auk_dspip_r22sdf_delay:\gen_bfii:bfii_delblk_real                                       ; 0.00 mW (0.00 mW)                    ; 0.00 mW (0.00 mW)               ; --                                ; 0.00 mW (0.00 mW)                 ; |GaussianMixtureModel|fft_wrapper:fft_inst|fft:fft_1|fft_fft_ii_0:fft_ii_0|auk_dspip_r22sdf_top:auk_dspip_r22sdf_top_inst|auk_dspip_r22sdf_core:r22sdf_core_inst|auk_dspip_r22sdf_stage:\gen_natural_order_core:gen_stages:2:r22_stage|auk_dspip_r22sdf_delay:\gen_bfii:bfii_delblk_real                                                                                                                                                                                                                                   ;
;                                 |counter_module:\gen_m4k_delay:move_rdptr_inst                                       ; 0.00 mW (0.00 mW)                    ; 0.00 mW (0.00 mW)               ; --                                ; 0.00 mW (0.00 mW)                 ; |GaussianMixtureModel|fft_wrapper:fft_inst|fft:fft_1|fft_fft_ii_0:fft_ii_0|auk_dspip_r22sdf_top:auk_dspip_r22sdf_top_inst|auk_dspip_r22sdf_core:r22sdf_core_inst|auk_dspip_r22sdf_stage:\gen_natural_order_core:gen_stages:2:r22_stage|auk_dspip_r22sdf_delay:\gen_bfii:bfii_delblk_real|counter_module:\gen_m4k_delay:move_rdptr_inst                                                                                                                                                                                     ;
;                                 |counter_module:\gen_m4k_delay:move_wrptr_inst                                       ; 0.00 mW (0.00 mW)                    ; 0.00 mW (0.00 mW)               ; --                                ; 0.00 mW (0.00 mW)                 ; |GaussianMixtureModel|fft_wrapper:fft_inst|fft:fft_1|fft_fft_ii_0:fft_ii_0|auk_dspip_r22sdf_top:auk_dspip_r22sdf_top_inst|auk_dspip_r22sdf_core:r22sdf_core_inst|auk_dspip_r22sdf_stage:\gen_natural_order_core:gen_stages:2:r22_stage|auk_dspip_r22sdf_delay:\gen_bfii:bfii_delblk_real|counter_module:\gen_m4k_delay:move_wrptr_inst                                                                                                                                                                                     ;
;                                 |altera_fft_dual_port_ram:\gen_m4k_delay:ram_component                               ; 0.00 mW (0.00 mW)                    ; 0.00 mW (0.00 mW)               ; --                                ; 0.00 mW (0.00 mW)                 ; |GaussianMixtureModel|fft_wrapper:fft_inst|fft:fft_1|fft_fft_ii_0:fft_ii_0|auk_dspip_r22sdf_top:auk_dspip_r22sdf_top_inst|auk_dspip_r22sdf_core:r22sdf_core_inst|auk_dspip_r22sdf_stage:\gen_natural_order_core:gen_stages:2:r22_stage|auk_dspip_r22sdf_delay:\gen_bfii:bfii_delblk_real|altera_fft_dual_port_ram:\gen_m4k_delay:ram_component                                                                                                                                                                             ;
;                                     |altsyncram:\old_ram_gen:old_ram_component                                       ; 0.00 mW (0.00 mW)                    ; 0.00 mW (0.00 mW)               ; --                                ; 0.00 mW (0.00 mW)                 ; |GaussianMixtureModel|fft_wrapper:fft_inst|fft:fft_1|fft_fft_ii_0:fft_ii_0|auk_dspip_r22sdf_top:auk_dspip_r22sdf_top_inst|auk_dspip_r22sdf_core:r22sdf_core_inst|auk_dspip_r22sdf_stage:\gen_natural_order_core:gen_stages:2:r22_stage|auk_dspip_r22sdf_delay:\gen_bfii:bfii_delblk_real|altera_fft_dual_port_ram:\gen_m4k_delay:ram_component|altsyncram:\old_ram_gen:old_ram_component                                                                                                                                   ;
;                                         |altsyncram_ibp3:auto_generated                                              ; 0.00 mW (0.00 mW)                    ; 0.00 mW (0.00 mW)               ; --                                ; 0.00 mW (0.00 mW)                 ; |GaussianMixtureModel|fft_wrapper:fft_inst|fft:fft_1|fft_fft_ii_0:fft_ii_0|auk_dspip_r22sdf_top:auk_dspip_r22sdf_top_inst|auk_dspip_r22sdf_core:r22sdf_core_inst|auk_dspip_r22sdf_stage:\gen_natural_order_core:gen_stages:2:r22_stage|auk_dspip_r22sdf_delay:\gen_bfii:bfii_delblk_real|altera_fft_dual_port_ram:\gen_m4k_delay:ram_component|altsyncram:\old_ram_gen:old_ram_component|altsyncram_ibp3:auto_generated                                                                                                    ;
;                             |auk_dspip_r22sdf_bfii:\gen_bfii:bfii_inst                                               ; 0.00 mW (0.00 mW)                    ; 0.00 mW (0.00 mW)               ; --                                ; 0.00 mW (0.00 mW)                 ; |GaussianMixtureModel|fft_wrapper:fft_inst|fft:fft_1|fft_fft_ii_0:fft_ii_0|auk_dspip_r22sdf_top:auk_dspip_r22sdf_top_inst|auk_dspip_r22sdf_core:r22sdf_core_inst|auk_dspip_r22sdf_stage:\gen_natural_order_core:gen_stages:2:r22_stage|auk_dspip_r22sdf_bfii:\gen_bfii:bfii_inst                                                                                                                                                                                                                                           ;
;                                 |auk_dspip_r22sdf_bf_control:bf_control_inst                                         ; 0.00 mW (0.00 mW)                    ; 0.00 mW (0.00 mW)               ; --                                ; 0.00 mW (0.00 mW)                 ; |GaussianMixtureModel|fft_wrapper:fft_inst|fft:fft_1|fft_fft_ii_0:fft_ii_0|auk_dspip_r22sdf_top:auk_dspip_r22sdf_top_inst|auk_dspip_r22sdf_core:r22sdf_core_inst|auk_dspip_r22sdf_stage:\gen_natural_order_core:gen_stages:2:r22_stage|auk_dspip_r22sdf_bfii:\gen_bfii:bfii_inst|auk_dspip_r22sdf_bf_control:bf_control_inst                                                                                                                                                                                               ;
;                                     |auk_dspip_r22sdf_counter:bf_counter_inst                                        ; 0.00 mW (0.00 mW)                    ; 0.00 mW (0.00 mW)               ; --                                ; 0.00 mW (0.00 mW)                 ; |GaussianMixtureModel|fft_wrapper:fft_inst|fft:fft_1|fft_fft_ii_0:fft_ii_0|auk_dspip_r22sdf_top:auk_dspip_r22sdf_top_inst|auk_dspip_r22sdf_core:r22sdf_core_inst|auk_dspip_r22sdf_stage:\gen_natural_order_core:gen_stages:2:r22_stage|auk_dspip_r22sdf_bfii:\gen_bfii:bfii_inst|auk_dspip_r22sdf_bf_control:bf_control_inst|auk_dspip_r22sdf_counter:bf_counter_inst                                                                                                                                                      ;
;                                 |auk_dspip_r22sdf_addsub:del_in_imag_comp_inst                                       ; 0.00 mW (0.00 mW)                    ; 0.00 mW (0.00 mW)               ; --                                ; 0.00 mW (0.00 mW)                 ; |GaussianMixtureModel|fft_wrapper:fft_inst|fft:fft_1|fft_fft_ii_0:fft_ii_0|auk_dspip_r22sdf_top:auk_dspip_r22sdf_top_inst|auk_dspip_r22sdf_core:r22sdf_core_inst|auk_dspip_r22sdf_stage:\gen_natural_order_core:gen_stages:2:r22_stage|auk_dspip_r22sdf_bfii:\gen_bfii:bfii_inst|auk_dspip_r22sdf_addsub:del_in_imag_comp_inst                                                                                                                                                                                             ;
;                                     |lpm_add_sub:\gen_fixed:lpm_add_sub_component                                    ; 0.00 mW (0.00 mW)                    ; 0.00 mW (0.00 mW)               ; --                                ; 0.00 mW (0.00 mW)                 ; |GaussianMixtureModel|fft_wrapper:fft_inst|fft:fft_1|fft_fft_ii_0:fft_ii_0|auk_dspip_r22sdf_top:auk_dspip_r22sdf_top_inst|auk_dspip_r22sdf_core:r22sdf_core_inst|auk_dspip_r22sdf_stage:\gen_natural_order_core:gen_stages:2:r22_stage|auk_dspip_r22sdf_bfii:\gen_bfii:bfii_inst|auk_dspip_r22sdf_addsub:del_in_imag_comp_inst|lpm_add_sub:\gen_fixed:lpm_add_sub_component                                                                                                                                                ;
;                                         |add_sub_4pi:auto_generated                                                  ; 0.00 mW (0.00 mW)                    ; 0.00 mW (0.00 mW)               ; --                                ; 0.00 mW (0.00 mW)                 ; |GaussianMixtureModel|fft_wrapper:fft_inst|fft:fft_1|fft_fft_ii_0:fft_ii_0|auk_dspip_r22sdf_top:auk_dspip_r22sdf_top_inst|auk_dspip_r22sdf_core:r22sdf_core_inst|auk_dspip_r22sdf_stage:\gen_natural_order_core:gen_stages:2:r22_stage|auk_dspip_r22sdf_bfii:\gen_bfii:bfii_inst|auk_dspip_r22sdf_addsub:del_in_imag_comp_inst|lpm_add_sub:\gen_fixed:lpm_add_sub_component|add_sub_4pi:auto_generated                                                                                                                     ;
;                                 |auk_dspip_r22sdf_addsub:del_in_real_comp_inst                                       ; 0.00 mW (0.00 mW)                    ; 0.00 mW (0.00 mW)               ; --                                ; 0.00 mW (0.00 mW)                 ; |GaussianMixtureModel|fft_wrapper:fft_inst|fft:fft_1|fft_fft_ii_0:fft_ii_0|auk_dspip_r22sdf_top:auk_dspip_r22sdf_top_inst|auk_dspip_r22sdf_core:r22sdf_core_inst|auk_dspip_r22sdf_stage:\gen_natural_order_core:gen_stages:2:r22_stage|auk_dspip_r22sdf_bfii:\gen_bfii:bfii_inst|auk_dspip_r22sdf_addsub:del_in_real_comp_inst                                                                                                                                                                                             ;
;                                     |lpm_add_sub:\gen_fixed:lpm_add_sub_component                                    ; 0.00 mW (0.00 mW)                    ; 0.00 mW (0.00 mW)               ; --                                ; 0.00 mW (0.00 mW)                 ; |GaussianMixtureModel|fft_wrapper:fft_inst|fft:fft_1|fft_fft_ii_0:fft_ii_0|auk_dspip_r22sdf_top:auk_dspip_r22sdf_top_inst|auk_dspip_r22sdf_core:r22sdf_core_inst|auk_dspip_r22sdf_stage:\gen_natural_order_core:gen_stages:2:r22_stage|auk_dspip_r22sdf_bfii:\gen_bfii:bfii_inst|auk_dspip_r22sdf_addsub:del_in_real_comp_inst|lpm_add_sub:\gen_fixed:lpm_add_sub_component                                                                                                                                                ;
;                                         |add_sub_4pi:auto_generated                                                  ; 0.00 mW (0.00 mW)                    ; 0.00 mW (0.00 mW)               ; --                                ; 0.00 mW (0.00 mW)                 ; |GaussianMixtureModel|fft_wrapper:fft_inst|fft:fft_1|fft_fft_ii_0:fft_ii_0|auk_dspip_r22sdf_top:auk_dspip_r22sdf_top_inst|auk_dspip_r22sdf_core:r22sdf_core_inst|auk_dspip_r22sdf_stage:\gen_natural_order_core:gen_stages:2:r22_stage|auk_dspip_r22sdf_bfii:\gen_bfii:bfii_inst|auk_dspip_r22sdf_addsub:del_in_real_comp_inst|lpm_add_sub:\gen_fixed:lpm_add_sub_component|add_sub_4pi:auto_generated                                                                                                                     ;
;                                 |auk_dspip_r22sdf_addsub:in_imag_comp_inst                                           ; 0.00 mW (0.00 mW)                    ; 0.00 mW (0.00 mW)               ; --                                ; 0.00 mW (0.00 mW)                 ; |GaussianMixtureModel|fft_wrapper:fft_inst|fft:fft_1|fft_fft_ii_0:fft_ii_0|auk_dspip_r22sdf_top:auk_dspip_r22sdf_top_inst|auk_dspip_r22sdf_core:r22sdf_core_inst|auk_dspip_r22sdf_stage:\gen_natural_order_core:gen_stages:2:r22_stage|auk_dspip_r22sdf_bfii:\gen_bfii:bfii_inst|auk_dspip_r22sdf_addsub:in_imag_comp_inst                                                                                                                                                                                                 ;
;                                     |lpm_add_sub:\gen_fixed:lpm_add_sub_component                                    ; 0.00 mW (0.00 mW)                    ; 0.00 mW (0.00 mW)               ; --                                ; 0.00 mW (0.00 mW)                 ; |GaussianMixtureModel|fft_wrapper:fft_inst|fft:fft_1|fft_fft_ii_0:fft_ii_0|auk_dspip_r22sdf_top:auk_dspip_r22sdf_top_inst|auk_dspip_r22sdf_core:r22sdf_core_inst|auk_dspip_r22sdf_stage:\gen_natural_order_core:gen_stages:2:r22_stage|auk_dspip_r22sdf_bfii:\gen_bfii:bfii_inst|auk_dspip_r22sdf_addsub:in_imag_comp_inst|lpm_add_sub:\gen_fixed:lpm_add_sub_component                                                                                                                                                    ;
;                                         |add_sub_4pi:auto_generated                                                  ; 0.00 mW (0.00 mW)                    ; 0.00 mW (0.00 mW)               ; --                                ; 0.00 mW (0.00 mW)                 ; |GaussianMixtureModel|fft_wrapper:fft_inst|fft:fft_1|fft_fft_ii_0:fft_ii_0|auk_dspip_r22sdf_top:auk_dspip_r22sdf_top_inst|auk_dspip_r22sdf_core:r22sdf_core_inst|auk_dspip_r22sdf_stage:\gen_natural_order_core:gen_stages:2:r22_stage|auk_dspip_r22sdf_bfii:\gen_bfii:bfii_inst|auk_dspip_r22sdf_addsub:in_imag_comp_inst|lpm_add_sub:\gen_fixed:lpm_add_sub_component|add_sub_4pi:auto_generated                                                                                                                         ;
;                                 |auk_dspip_r22sdf_addsub:in_real_comp_inst                                           ; 0.00 mW (0.00 mW)                    ; 0.00 mW (0.00 mW)               ; --                                ; 0.00 mW (0.00 mW)                 ; |GaussianMixtureModel|fft_wrapper:fft_inst|fft:fft_1|fft_fft_ii_0:fft_ii_0|auk_dspip_r22sdf_top:auk_dspip_r22sdf_top_inst|auk_dspip_r22sdf_core:r22sdf_core_inst|auk_dspip_r22sdf_stage:\gen_natural_order_core:gen_stages:2:r22_stage|auk_dspip_r22sdf_bfii:\gen_bfii:bfii_inst|auk_dspip_r22sdf_addsub:in_real_comp_inst                                                                                                                                                                                                 ;
;                                     |lpm_add_sub:\gen_fixed:lpm_add_sub_component                                    ; 0.00 mW (0.00 mW)                    ; 0.00 mW (0.00 mW)               ; --                                ; 0.00 mW (0.00 mW)                 ; |GaussianMixtureModel|fft_wrapper:fft_inst|fft:fft_1|fft_fft_ii_0:fft_ii_0|auk_dspip_r22sdf_top:auk_dspip_r22sdf_top_inst|auk_dspip_r22sdf_core:r22sdf_core_inst|auk_dspip_r22sdf_stage:\gen_natural_order_core:gen_stages:2:r22_stage|auk_dspip_r22sdf_bfii:\gen_bfii:bfii_inst|auk_dspip_r22sdf_addsub:in_real_comp_inst|lpm_add_sub:\gen_fixed:lpm_add_sub_component                                                                                                                                                    ;
;                                         |add_sub_4pi:auto_generated                                                  ; 0.00 mW (0.00 mW)                    ; 0.00 mW (0.00 mW)               ; --                                ; 0.00 mW (0.00 mW)                 ; |GaussianMixtureModel|fft_wrapper:fft_inst|fft:fft_1|fft_fft_ii_0:fft_ii_0|auk_dspip_r22sdf_top:auk_dspip_r22sdf_top_inst|auk_dspip_r22sdf_core:r22sdf_core_inst|auk_dspip_r22sdf_stage:\gen_natural_order_core:gen_stages:2:r22_stage|auk_dspip_r22sdf_bfii:\gen_bfii:bfii_inst|auk_dspip_r22sdf_addsub:in_real_comp_inst|lpm_add_sub:\gen_fixed:lpm_add_sub_component|add_sub_4pi:auto_generated                                                                                                                         ;
;                             |auk_dspip_r22sdf_cma:\gen_cma:cma_fixedpt:cma_inst                                      ; 0.00 mW (0.00 mW)                    ; 0.00 mW (0.00 mW)               ; --                                ; 0.00 mW (0.00 mW)                 ; |GaussianMixtureModel|fft_wrapper:fft_inst|fft:fft_1|fft_fft_ii_0:fft_ii_0|auk_dspip_r22sdf_top:auk_dspip_r22sdf_top_inst|auk_dspip_r22sdf_core:r22sdf_core_inst|auk_dspip_r22sdf_stage:\gen_natural_order_core:gen_stages:2:r22_stage|auk_dspip_r22sdf_cma:\gen_cma:cma_fixedpt:cma_inst                                                                                                                                                                                                                                  ;
;                                 |auk_dspip_roundsat:\NONA10_C_Mult_Archs:gen_large_mult1:round_imag                  ; 0.00 mW (0.00 mW)                    ; 0.00 mW (0.00 mW)               ; --                                ; 0.00 mW (0.00 mW)                 ; |GaussianMixtureModel|fft_wrapper:fft_inst|fft:fft_1|fft_fft_ii_0:fft_ii_0|auk_dspip_r22sdf_top:auk_dspip_r22sdf_top_inst|auk_dspip_r22sdf_core:r22sdf_core_inst|auk_dspip_r22sdf_stage:\gen_natural_order_core:gen_stages:2:r22_stage|auk_dspip_r22sdf_cma:\gen_cma:cma_fixedpt:cma_inst|auk_dspip_roundsat:\NONA10_C_Mult_Archs:gen_large_mult1:round_imag                                                                                                                                                               ;
;                                 |auk_dspip_roundsat:\NONA10_C_Mult_Archs:gen_large_mult1:round_real                  ; 0.00 mW (0.00 mW)                    ; 0.00 mW (0.00 mW)               ; --                                ; 0.00 mW (0.00 mW)                 ; |GaussianMixtureModel|fft_wrapper:fft_inst|fft:fft_1|fft_fft_ii_0:fft_ii_0|auk_dspip_r22sdf_top:auk_dspip_r22sdf_top_inst|auk_dspip_r22sdf_core:r22sdf_core_inst|auk_dspip_r22sdf_stage:\gen_natural_order_core:gen_stages:2:r22_stage|auk_dspip_r22sdf_cma:\gen_cma:cma_fixedpt:cma_inst|auk_dspip_roundsat:\NONA10_C_Mult_Archs:gen_large_mult1:round_real                                                                                                                                                               ;
;                                 |auk_dspip_r22sdf_counter:bf_counter_inst                                            ; 0.00 mW (0.00 mW)                    ; 0.00 mW (0.00 mW)               ; --                                ; 0.00 mW (0.00 mW)                 ; |GaussianMixtureModel|fft_wrapper:fft_inst|fft:fft_1|fft_fft_ii_0:fft_ii_0|auk_dspip_r22sdf_top:auk_dspip_r22sdf_top_inst|auk_dspip_r22sdf_core:r22sdf_core_inst|auk_dspip_r22sdf_stage:\gen_natural_order_core:gen_stages:2:r22_stage|auk_dspip_r22sdf_cma:\gen_cma:cma_fixedpt:cma_inst|auk_dspip_r22sdf_counter:bf_counter_inst                                                                                                                                                                                         ;
;                                 |lpm_mult:Mult0                                                                      ; 0.00 mW (0.00 mW)                    ; 0.00 mW (0.00 mW)               ; --                                ; 0.00 mW (0.00 mW)                 ; |GaussianMixtureModel|fft_wrapper:fft_inst|fft:fft_1|fft_fft_ii_0:fft_ii_0|auk_dspip_r22sdf_top:auk_dspip_r22sdf_top_inst|auk_dspip_r22sdf_core:r22sdf_core_inst|auk_dspip_r22sdf_stage:\gen_natural_order_core:gen_stages:2:r22_stage|auk_dspip_r22sdf_cma:\gen_cma:cma_fixedpt:cma_inst|lpm_mult:Mult0                                                                                                                                                                                                                   ;
;                                     |mult_pgs:auto_generated                                                         ; 0.00 mW (0.00 mW)                    ; 0.00 mW (0.00 mW)               ; --                                ; 0.00 mW (0.00 mW)                 ; |GaussianMixtureModel|fft_wrapper:fft_inst|fft:fft_1|fft_fft_ii_0:fft_ii_0|auk_dspip_r22sdf_top:auk_dspip_r22sdf_top_inst|auk_dspip_r22sdf_core:r22sdf_core_inst|auk_dspip_r22sdf_stage:\gen_natural_order_core:gen_stages:2:r22_stage|auk_dspip_r22sdf_cma:\gen_cma:cma_fixedpt:cma_inst|lpm_mult:Mult0|mult_pgs:auto_generated                                                                                                                                                                                           ;
;                                 |lpm_mult:Mult1                                                                      ; 0.00 mW (0.00 mW)                    ; 0.00 mW (0.00 mW)               ; --                                ; 0.00 mW (0.00 mW)                 ; |GaussianMixtureModel|fft_wrapper:fft_inst|fft:fft_1|fft_fft_ii_0:fft_ii_0|auk_dspip_r22sdf_top:auk_dspip_r22sdf_top_inst|auk_dspip_r22sdf_core:r22sdf_core_inst|auk_dspip_r22sdf_stage:\gen_natural_order_core:gen_stages:2:r22_stage|auk_dspip_r22sdf_cma:\gen_cma:cma_fixedpt:cma_inst|lpm_mult:Mult1                                                                                                                                                                                                                   ;
;                                     |mult_pgs:auto_generated                                                         ; 0.00 mW (0.00 mW)                    ; 0.00 mW (0.00 mW)               ; --                                ; 0.00 mW (0.00 mW)                 ; |GaussianMixtureModel|fft_wrapper:fft_inst|fft:fft_1|fft_fft_ii_0:fft_ii_0|auk_dspip_r22sdf_top:auk_dspip_r22sdf_top_inst|auk_dspip_r22sdf_core:r22sdf_core_inst|auk_dspip_r22sdf_stage:\gen_natural_order_core:gen_stages:2:r22_stage|auk_dspip_r22sdf_cma:\gen_cma:cma_fixedpt:cma_inst|lpm_mult:Mult1|mult_pgs:auto_generated                                                                                                                                                                                           ;
;                                 |lpm_mult:Mult2                                                                      ; 0.00 mW (0.00 mW)                    ; 0.00 mW (0.00 mW)               ; --                                ; 0.00 mW (0.00 mW)                 ; |GaussianMixtureModel|fft_wrapper:fft_inst|fft:fft_1|fft_fft_ii_0:fft_ii_0|auk_dspip_r22sdf_top:auk_dspip_r22sdf_top_inst|auk_dspip_r22sdf_core:r22sdf_core_inst|auk_dspip_r22sdf_stage:\gen_natural_order_core:gen_stages:2:r22_stage|auk_dspip_r22sdf_cma:\gen_cma:cma_fixedpt:cma_inst|lpm_mult:Mult2                                                                                                                                                                                                                   ;
;                                     |mult_pgs:auto_generated                                                         ; 0.00 mW (0.00 mW)                    ; 0.00 mW (0.00 mW)               ; --                                ; 0.00 mW (0.00 mW)                 ; |GaussianMixtureModel|fft_wrapper:fft_inst|fft:fft_1|fft_fft_ii_0:fft_ii_0|auk_dspip_r22sdf_top:auk_dspip_r22sdf_top_inst|auk_dspip_r22sdf_core:r22sdf_core_inst|auk_dspip_r22sdf_stage:\gen_natural_order_core:gen_stages:2:r22_stage|auk_dspip_r22sdf_cma:\gen_cma:cma_fixedpt:cma_inst|lpm_mult:Mult2|mult_pgs:auto_generated                                                                                                                                                                                           ;
;                                 |lpm_mult:Mult3                                                                      ; 0.00 mW (0.00 mW)                    ; 0.00 mW (0.00 mW)               ; --                                ; 0.00 mW (0.00 mW)                 ; |GaussianMixtureModel|fft_wrapper:fft_inst|fft:fft_1|fft_fft_ii_0:fft_ii_0|auk_dspip_r22sdf_top:auk_dspip_r22sdf_top_inst|auk_dspip_r22sdf_core:r22sdf_core_inst|auk_dspip_r22sdf_stage:\gen_natural_order_core:gen_stages:2:r22_stage|auk_dspip_r22sdf_cma:\gen_cma:cma_fixedpt:cma_inst|lpm_mult:Mult3                                                                                                                                                                                                                   ;
;                                     |mult_pgs:auto_generated                                                         ; 0.00 mW (0.00 mW)                    ; 0.00 mW (0.00 mW)               ; --                                ; 0.00 mW (0.00 mW)                 ; |GaussianMixtureModel|fft_wrapper:fft_inst|fft:fft_1|fft_fft_ii_0:fft_ii_0|auk_dspip_r22sdf_top:auk_dspip_r22sdf_top_inst|auk_dspip_r22sdf_core:r22sdf_core_inst|auk_dspip_r22sdf_stage:\gen_natural_order_core:gen_stages:2:r22_stage|auk_dspip_r22sdf_cma:\gen_cma:cma_fixedpt:cma_inst|lpm_mult:Mult3|mult_pgs:auto_generated                                                                                                                                                                                           ;
;                                 |lpm_mult:Mult4                                                                      ; 0.00 mW (0.00 mW)                    ; 0.00 mW (0.00 mW)               ; --                                ; 0.00 mW (0.00 mW)                 ; |GaussianMixtureModel|fft_wrapper:fft_inst|fft:fft_1|fft_fft_ii_0:fft_ii_0|auk_dspip_r22sdf_top:auk_dspip_r22sdf_top_inst|auk_dspip_r22sdf_core:r22sdf_core_inst|auk_dspip_r22sdf_stage:\gen_natural_order_core:gen_stages:2:r22_stage|auk_dspip_r22sdf_cma:\gen_cma:cma_fixedpt:cma_inst|lpm_mult:Mult4                                                                                                                                                                                                                   ;
;                                     |mult_pgs:auto_generated                                                         ; 0.00 mW (0.00 mW)                    ; 0.00 mW (0.00 mW)               ; --                                ; 0.00 mW (0.00 mW)                 ; |GaussianMixtureModel|fft_wrapper:fft_inst|fft:fft_1|fft_fft_ii_0:fft_ii_0|auk_dspip_r22sdf_top:auk_dspip_r22sdf_top_inst|auk_dspip_r22sdf_core:r22sdf_core_inst|auk_dspip_r22sdf_stage:\gen_natural_order_core:gen_stages:2:r22_stage|auk_dspip_r22sdf_cma:\gen_cma:cma_fixedpt:cma_inst|lpm_mult:Mult4|mult_pgs:auto_generated                                                                                                                                                                                           ;
;                                 |lpm_mult:Mult5                                                                      ; 0.00 mW (0.00 mW)                    ; 0.00 mW (0.00 mW)               ; --                                ; 0.00 mW (0.00 mW)                 ; |GaussianMixtureModel|fft_wrapper:fft_inst|fft:fft_1|fft_fft_ii_0:fft_ii_0|auk_dspip_r22sdf_top:auk_dspip_r22sdf_top_inst|auk_dspip_r22sdf_core:r22sdf_core_inst|auk_dspip_r22sdf_stage:\gen_natural_order_core:gen_stages:2:r22_stage|auk_dspip_r22sdf_cma:\gen_cma:cma_fixedpt:cma_inst|lpm_mult:Mult5                                                                                                                                                                                                                   ;
;                                     |mult_pgs:auto_generated                                                         ; 0.00 mW (0.00 mW)                    ; 0.00 mW (0.00 mW)               ; --                                ; 0.00 mW (0.00 mW)                 ; |GaussianMixtureModel|fft_wrapper:fft_inst|fft:fft_1|fft_fft_ii_0:fft_ii_0|auk_dspip_r22sdf_top:auk_dspip_r22sdf_top_inst|auk_dspip_r22sdf_core:r22sdf_core_inst|auk_dspip_r22sdf_stage:\gen_natural_order_core:gen_stages:2:r22_stage|auk_dspip_r22sdf_cma:\gen_cma:cma_fixedpt:cma_inst|lpm_mult:Mult5|mult_pgs:auto_generated                                                                                                                                                                                           ;
;                                 |lpm_mult:Mult6                                                                      ; 0.00 mW (0.00 mW)                    ; 0.00 mW (0.00 mW)               ; --                                ; 0.00 mW (0.00 mW)                 ; |GaussianMixtureModel|fft_wrapper:fft_inst|fft:fft_1|fft_fft_ii_0:fft_ii_0|auk_dspip_r22sdf_top:auk_dspip_r22sdf_top_inst|auk_dspip_r22sdf_core:r22sdf_core_inst|auk_dspip_r22sdf_stage:\gen_natural_order_core:gen_stages:2:r22_stage|auk_dspip_r22sdf_cma:\gen_cma:cma_fixedpt:cma_inst|lpm_mult:Mult6                                                                                                                                                                                                                   ;
;                                     |mult_pgs:auto_generated                                                         ; 0.00 mW (0.00 mW)                    ; 0.00 mW (0.00 mW)               ; --                                ; 0.00 mW (0.00 mW)                 ; |GaussianMixtureModel|fft_wrapper:fft_inst|fft:fft_1|fft_fft_ii_0:fft_ii_0|auk_dspip_r22sdf_top:auk_dspip_r22sdf_top_inst|auk_dspip_r22sdf_core:r22sdf_core_inst|auk_dspip_r22sdf_stage:\gen_natural_order_core:gen_stages:2:r22_stage|auk_dspip_r22sdf_cma:\gen_cma:cma_fixedpt:cma_inst|lpm_mult:Mult6|mult_pgs:auto_generated                                                                                                                                                                                           ;
;                                 |lpm_mult:Mult7                                                                      ; 0.00 mW (0.00 mW)                    ; 0.00 mW (0.00 mW)               ; --                                ; 0.00 mW (0.00 mW)                 ; |GaussianMixtureModel|fft_wrapper:fft_inst|fft:fft_1|fft_fft_ii_0:fft_ii_0|auk_dspip_r22sdf_top:auk_dspip_r22sdf_top_inst|auk_dspip_r22sdf_core:r22sdf_core_inst|auk_dspip_r22sdf_stage:\gen_natural_order_core:gen_stages:2:r22_stage|auk_dspip_r22sdf_cma:\gen_cma:cma_fixedpt:cma_inst|lpm_mult:Mult7                                                                                                                                                                                                                   ;
;                                     |mult_pgs:auto_generated                                                         ; 0.00 mW (0.00 mW)                    ; 0.00 mW (0.00 mW)               ; --                                ; 0.00 mW (0.00 mW)                 ; |GaussianMixtureModel|fft_wrapper:fft_inst|fft:fft_1|fft_fft_ii_0:fft_ii_0|auk_dspip_r22sdf_top:auk_dspip_r22sdf_top_inst|auk_dspip_r22sdf_core:r22sdf_core_inst|auk_dspip_r22sdf_stage:\gen_natural_order_core:gen_stages:2:r22_stage|auk_dspip_r22sdf_cma:\gen_cma:cma_fixedpt:cma_inst|lpm_mult:Mult7|mult_pgs:auto_generated                                                                                                                                                                                           ;
;                         |auk_dspip_r22sdf_stg_pipe:\gen_natural_order_core:gen_stages:3:gen_stg_connect:stg_connect  ; 0.00 mW (0.00 mW)                    ; 0.00 mW (0.00 mW)               ; --                                ; 0.00 mW (0.00 mW)                 ; |GaussianMixtureModel|fft_wrapper:fft_inst|fft:fft_1|fft_fft_ii_0:fft_ii_0|auk_dspip_r22sdf_top:auk_dspip_r22sdf_top_inst|auk_dspip_r22sdf_core:r22sdf_core_inst|auk_dspip_r22sdf_stg_pipe:\gen_natural_order_core:gen_stages:3:gen_stg_connect:stg_connect                                                                                                                                                                                                                                                                ;
;                         |auk_dspip_r22sdf_twrom:\gen_natural_order_core:gen_stages:3:gen_twiddles:stg_twidrom2       ; 0.00 mW (0.00 mW)                    ; 0.00 mW (0.00 mW)               ; --                                ; 0.00 mW (0.00 mW)                 ; |GaussianMixtureModel|fft_wrapper:fft_inst|fft:fft_1|fft_fft_ii_0:fft_ii_0|auk_dspip_r22sdf_top:auk_dspip_r22sdf_top_inst|auk_dspip_r22sdf_core:r22sdf_core_inst|auk_dspip_r22sdf_twrom:\gen_natural_order_core:gen_stages:3:gen_twiddles:stg_twidrom2                                                                                                                                                                                                                                                                     ;
;                             |counter_module:\gen_optimized_memory_delayed:gen_non_pwr_2:cnt_array_gen:0:cnt_w_k_inst ; 0.00 mW (0.00 mW)                    ; 0.00 mW (0.00 mW)               ; --                                ; 0.00 mW (0.00 mW)                 ; |GaussianMixtureModel|fft_wrapper:fft_inst|fft:fft_1|fft_fft_ii_0:fft_ii_0|auk_dspip_r22sdf_top:auk_dspip_r22sdf_top_inst|auk_dspip_r22sdf_core:r22sdf_core_inst|auk_dspip_r22sdf_twrom:\gen_natural_order_core:gen_stages:3:gen_twiddles:stg_twidrom2|counter_module:\gen_optimized_memory_delayed:gen_non_pwr_2:cnt_array_gen:0:cnt_w_k_inst                                                                                                                                                                             ;
;                             |counter_module:\gen_optimized_memory_delayed:gen_non_pwr_2:cnt_array_gen:1:cnt_w_k_inst ; 0.00 mW (0.00 mW)                    ; 0.00 mW (0.00 mW)               ; --                                ; 0.00 mW (0.00 mW)                 ; |GaussianMixtureModel|fft_wrapper:fft_inst|fft:fft_1|fft_fft_ii_0:fft_ii_0|auk_dspip_r22sdf_top:auk_dspip_r22sdf_top_inst|auk_dspip_r22sdf_core:r22sdf_core_inst|auk_dspip_r22sdf_twrom:\gen_natural_order_core:gen_stages:3:gen_twiddles:stg_twidrom2|counter_module:\gen_optimized_memory_delayed:gen_non_pwr_2:cnt_array_gen:1:cnt_w_k_inst                                                                                                                                                                             ;
;                             |counter_module:\gen_optimized_memory_delayed:gen_non_pwr_2:cnt_array_gen:2:cnt_w_k_inst ; 0.00 mW (0.00 mW)                    ; 0.00 mW (0.00 mW)               ; --                                ; 0.00 mW (0.00 mW)                 ; |GaussianMixtureModel|fft_wrapper:fft_inst|fft:fft_1|fft_fft_ii_0:fft_ii_0|auk_dspip_r22sdf_top:auk_dspip_r22sdf_top_inst|auk_dspip_r22sdf_core:r22sdf_core_inst|auk_dspip_r22sdf_twrom:\gen_natural_order_core:gen_stages:3:gen_twiddles:stg_twidrom2|counter_module:\gen_optimized_memory_delayed:gen_non_pwr_2:cnt_array_gen:2:cnt_w_k_inst                                                                                                                                                                             ;
;                             |altera_fft_single_port_rom:\gen_optimized_memory_delayed:single_port_rom_component_imag ; 0.00 mW (0.00 mW)                    ; 0.00 mW (0.00 mW)               ; --                                ; 0.00 mW (0.00 mW)                 ; |GaussianMixtureModel|fft_wrapper:fft_inst|fft:fft_1|fft_fft_ii_0:fft_ii_0|auk_dspip_r22sdf_top:auk_dspip_r22sdf_top_inst|auk_dspip_r22sdf_core:r22sdf_core_inst|auk_dspip_r22sdf_twrom:\gen_natural_order_core:gen_stages:3:gen_twiddles:stg_twidrom2|altera_fft_single_port_rom:\gen_optimized_memory_delayed:single_port_rom_component_imag                                                                                                                                                                             ;
;                                 |altsyncram:\old_ram_gen:old_ram_component                                           ; 0.00 mW (0.00 mW)                    ; 0.00 mW (0.00 mW)               ; --                                ; 0.00 mW (0.00 mW)                 ; |GaussianMixtureModel|fft_wrapper:fft_inst|fft:fft_1|fft_fft_ii_0:fft_ii_0|auk_dspip_r22sdf_top:auk_dspip_r22sdf_top_inst|auk_dspip_r22sdf_core:r22sdf_core_inst|auk_dspip_r22sdf_twrom:\gen_natural_order_core:gen_stages:3:gen_twiddles:stg_twidrom2|altera_fft_single_port_rom:\gen_optimized_memory_delayed:single_port_rom_component_imag|altsyncram:\old_ram_gen:old_ram_component                                                                                                                                   ;
;                                     |altsyncram_8os3:auto_generated                                                  ; 0.00 mW (0.00 mW)                    ; 0.00 mW (0.00 mW)               ; --                                ; 0.00 mW (0.00 mW)                 ; |GaussianMixtureModel|fft_wrapper:fft_inst|fft:fft_1|fft_fft_ii_0:fft_ii_0|auk_dspip_r22sdf_top:auk_dspip_r22sdf_top_inst|auk_dspip_r22sdf_core:r22sdf_core_inst|auk_dspip_r22sdf_twrom:\gen_natural_order_core:gen_stages:3:gen_twiddles:stg_twidrom2|altera_fft_single_port_rom:\gen_optimized_memory_delayed:single_port_rom_component_imag|altsyncram:\old_ram_gen:old_ram_component|altsyncram_8os3:auto_generated                                                                                                    ;
;                             |altera_fft_single_port_rom:\gen_optimized_memory_delayed:single_port_rom_component_real ; 0.00 mW (0.00 mW)                    ; 0.00 mW (0.00 mW)               ; --                                ; 0.00 mW (0.00 mW)                 ; |GaussianMixtureModel|fft_wrapper:fft_inst|fft:fft_1|fft_fft_ii_0:fft_ii_0|auk_dspip_r22sdf_top:auk_dspip_r22sdf_top_inst|auk_dspip_r22sdf_core:r22sdf_core_inst|auk_dspip_r22sdf_twrom:\gen_natural_order_core:gen_stages:3:gen_twiddles:stg_twidrom2|altera_fft_single_port_rom:\gen_optimized_memory_delayed:single_port_rom_component_real                                                                                                                                                                             ;
;                                 |altsyncram:\old_ram_gen:old_ram_component                                           ; 0.00 mW (0.00 mW)                    ; 0.00 mW (0.00 mW)               ; --                                ; 0.00 mW (0.00 mW)                 ; |GaussianMixtureModel|fft_wrapper:fft_inst|fft:fft_1|fft_fft_ii_0:fft_ii_0|auk_dspip_r22sdf_top:auk_dspip_r22sdf_top_inst|auk_dspip_r22sdf_core:r22sdf_core_inst|auk_dspip_r22sdf_twrom:\gen_natural_order_core:gen_stages:3:gen_twiddles:stg_twidrom2|altera_fft_single_port_rom:\gen_optimized_memory_delayed:single_port_rom_component_real|altsyncram:\old_ram_gen:old_ram_component                                                                                                                                   ;
;                                     |altsyncram_8os3:auto_generated                                                  ; 0.00 mW (0.00 mW)                    ; 0.00 mW (0.00 mW)               ; --                                ; 0.00 mW (0.00 mW)                 ; |GaussianMixtureModel|fft_wrapper:fft_inst|fft:fft_1|fft_fft_ii_0:fft_ii_0|auk_dspip_r22sdf_top:auk_dspip_r22sdf_top_inst|auk_dspip_r22sdf_core:r22sdf_core_inst|auk_dspip_r22sdf_twrom:\gen_natural_order_core:gen_stages:3:gen_twiddles:stg_twidrom2|altera_fft_single_port_rom:\gen_optimized_memory_delayed:single_port_rom_component_real|altsyncram:\old_ram_gen:old_ram_component|altsyncram_8os3:auto_generated                                                                                                    ;
;                         |auk_dspip_r22sdf_stage:\gen_natural_order_core:gen_stages:3:r22_stage                       ; 0.00 mW (0.00 mW)                    ; 0.00 mW (0.00 mW)               ; --                                ; 0.00 mW (0.00 mW)                 ; |GaussianMixtureModel|fft_wrapper:fft_inst|fft:fft_1|fft_fft_ii_0:fft_ii_0|auk_dspip_r22sdf_top:auk_dspip_r22sdf_top_inst|auk_dspip_r22sdf_core:r22sdf_core_inst|auk_dspip_r22sdf_stage:\gen_natural_order_core:gen_stages:3:r22_stage                                                                                                                                                                                                                                                                                     ;
;                             |auk_dspip_r22sdf_delay:\gen_bfi:bfi_delblk_real                                         ; 0.00 mW (0.00 mW)                    ; 0.00 mW (0.00 mW)               ; --                                ; 0.00 mW (0.00 mW)                 ; |GaussianMixtureModel|fft_wrapper:fft_inst|fft:fft_1|fft_fft_ii_0:fft_ii_0|auk_dspip_r22sdf_top:auk_dspip_r22sdf_top_inst|auk_dspip_r22sdf_core:r22sdf_core_inst|auk_dspip_r22sdf_stage:\gen_natural_order_core:gen_stages:3:r22_stage|auk_dspip_r22sdf_delay:\gen_bfi:bfi_delblk_real                                                                                                                                                                                                                                     ;
;                             |auk_dspip_r22sdf_bfi:\gen_bfi:bfi_inst                                                  ; 0.00 mW (0.00 mW)                    ; 0.00 mW (0.00 mW)               ; --                                ; 0.00 mW (0.00 mW)                 ; |GaussianMixtureModel|fft_wrapper:fft_inst|fft:fft_1|fft_fft_ii_0:fft_ii_0|auk_dspip_r22sdf_top:auk_dspip_r22sdf_top_inst|auk_dspip_r22sdf_core:r22sdf_core_inst|auk_dspip_r22sdf_stage:\gen_natural_order_core:gen_stages:3:r22_stage|auk_dspip_r22sdf_bfi:\gen_bfi:bfi_inst                                                                                                                                                                                                                                              ;
;                                 |auk_dspip_r22sdf_bf_control:bf_control_inst                                         ; 0.00 mW (0.00 mW)                    ; 0.00 mW (0.00 mW)               ; --                                ; 0.00 mW (0.00 mW)                 ; |GaussianMixtureModel|fft_wrapper:fft_inst|fft:fft_1|fft_fft_ii_0:fft_ii_0|auk_dspip_r22sdf_top:auk_dspip_r22sdf_top_inst|auk_dspip_r22sdf_core:r22sdf_core_inst|auk_dspip_r22sdf_stage:\gen_natural_order_core:gen_stages:3:r22_stage|auk_dspip_r22sdf_bfi:\gen_bfi:bfi_inst|auk_dspip_r22sdf_bf_control:bf_control_inst                                                                                                                                                                                                  ;
;                                     |auk_dspip_r22sdf_counter:bf_counter_inst                                        ; 0.00 mW (0.00 mW)                    ; 0.00 mW (0.00 mW)               ; --                                ; 0.00 mW (0.00 mW)                 ; |GaussianMixtureModel|fft_wrapper:fft_inst|fft:fft_1|fft_fft_ii_0:fft_ii_0|auk_dspip_r22sdf_top:auk_dspip_r22sdf_top_inst|auk_dspip_r22sdf_core:r22sdf_core_inst|auk_dspip_r22sdf_stage:\gen_natural_order_core:gen_stages:3:r22_stage|auk_dspip_r22sdf_bfi:\gen_bfi:bfi_inst|auk_dspip_r22sdf_bf_control:bf_control_inst|auk_dspip_r22sdf_counter:bf_counter_inst                                                                                                                                                         ;
;                                 |auk_dspip_r22sdf_addsub:del_in_imag_comp_inst                                       ; 0.00 mW (0.00 mW)                    ; 0.00 mW (0.00 mW)               ; --                                ; 0.00 mW (0.00 mW)                 ; |GaussianMixtureModel|fft_wrapper:fft_inst|fft:fft_1|fft_fft_ii_0:fft_ii_0|auk_dspip_r22sdf_top:auk_dspip_r22sdf_top_inst|auk_dspip_r22sdf_core:r22sdf_core_inst|auk_dspip_r22sdf_stage:\gen_natural_order_core:gen_stages:3:r22_stage|auk_dspip_r22sdf_bfi:\gen_bfi:bfi_inst|auk_dspip_r22sdf_addsub:del_in_imag_comp_inst                                                                                                                                                                                                ;
;                                     |lpm_add_sub:\gen_fixed:lpm_add_sub_component                                    ; 0.00 mW (0.00 mW)                    ; 0.00 mW (0.00 mW)               ; --                                ; 0.00 mW (0.00 mW)                 ; |GaussianMixtureModel|fft_wrapper:fft_inst|fft:fft_1|fft_fft_ii_0:fft_ii_0|auk_dspip_r22sdf_top:auk_dspip_r22sdf_top_inst|auk_dspip_r22sdf_core:r22sdf_core_inst|auk_dspip_r22sdf_stage:\gen_natural_order_core:gen_stages:3:r22_stage|auk_dspip_r22sdf_bfi:\gen_bfi:bfi_inst|auk_dspip_r22sdf_addsub:del_in_imag_comp_inst|lpm_add_sub:\gen_fixed:lpm_add_sub_component                                                                                                                                                   ;
;                                         |add_sub_5pi:auto_generated                                                  ; 0.00 mW (0.00 mW)                    ; 0.00 mW (0.00 mW)               ; --                                ; 0.00 mW (0.00 mW)                 ; |GaussianMixtureModel|fft_wrapper:fft_inst|fft:fft_1|fft_fft_ii_0:fft_ii_0|auk_dspip_r22sdf_top:auk_dspip_r22sdf_top_inst|auk_dspip_r22sdf_core:r22sdf_core_inst|auk_dspip_r22sdf_stage:\gen_natural_order_core:gen_stages:3:r22_stage|auk_dspip_r22sdf_bfi:\gen_bfi:bfi_inst|auk_dspip_r22sdf_addsub:del_in_imag_comp_inst|lpm_add_sub:\gen_fixed:lpm_add_sub_component|add_sub_5pi:auto_generated                                                                                                                        ;
;                                 |auk_dspip_r22sdf_addsub:del_in_real_comp_inst                                       ; 0.00 mW (0.00 mW)                    ; 0.00 mW (0.00 mW)               ; --                                ; 0.00 mW (0.00 mW)                 ; |GaussianMixtureModel|fft_wrapper:fft_inst|fft:fft_1|fft_fft_ii_0:fft_ii_0|auk_dspip_r22sdf_top:auk_dspip_r22sdf_top_inst|auk_dspip_r22sdf_core:r22sdf_core_inst|auk_dspip_r22sdf_stage:\gen_natural_order_core:gen_stages:3:r22_stage|auk_dspip_r22sdf_bfi:\gen_bfi:bfi_inst|auk_dspip_r22sdf_addsub:del_in_real_comp_inst                                                                                                                                                                                                ;
;                                     |lpm_add_sub:\gen_fixed:lpm_add_sub_component                                    ; 0.00 mW (0.00 mW)                    ; 0.00 mW (0.00 mW)               ; --                                ; 0.00 mW (0.00 mW)                 ; |GaussianMixtureModel|fft_wrapper:fft_inst|fft:fft_1|fft_fft_ii_0:fft_ii_0|auk_dspip_r22sdf_top:auk_dspip_r22sdf_top_inst|auk_dspip_r22sdf_core:r22sdf_core_inst|auk_dspip_r22sdf_stage:\gen_natural_order_core:gen_stages:3:r22_stage|auk_dspip_r22sdf_bfi:\gen_bfi:bfi_inst|auk_dspip_r22sdf_addsub:del_in_real_comp_inst|lpm_add_sub:\gen_fixed:lpm_add_sub_component                                                                                                                                                   ;
;                                         |add_sub_5pi:auto_generated                                                  ; 0.00 mW (0.00 mW)                    ; 0.00 mW (0.00 mW)               ; --                                ; 0.00 mW (0.00 mW)                 ; |GaussianMixtureModel|fft_wrapper:fft_inst|fft:fft_1|fft_fft_ii_0:fft_ii_0|auk_dspip_r22sdf_top:auk_dspip_r22sdf_top_inst|auk_dspip_r22sdf_core:r22sdf_core_inst|auk_dspip_r22sdf_stage:\gen_natural_order_core:gen_stages:3:r22_stage|auk_dspip_r22sdf_bfi:\gen_bfi:bfi_inst|auk_dspip_r22sdf_addsub:del_in_real_comp_inst|lpm_add_sub:\gen_fixed:lpm_add_sub_component|add_sub_5pi:auto_generated                                                                                                                        ;
;                                 |auk_dspip_r22sdf_addsub:in_imag_comp_inst                                           ; 0.00 mW (0.00 mW)                    ; 0.00 mW (0.00 mW)               ; --                                ; 0.00 mW (0.00 mW)                 ; |GaussianMixtureModel|fft_wrapper:fft_inst|fft:fft_1|fft_fft_ii_0:fft_ii_0|auk_dspip_r22sdf_top:auk_dspip_r22sdf_top_inst|auk_dspip_r22sdf_core:r22sdf_core_inst|auk_dspip_r22sdf_stage:\gen_natural_order_core:gen_stages:3:r22_stage|auk_dspip_r22sdf_bfi:\gen_bfi:bfi_inst|auk_dspip_r22sdf_addsub:in_imag_comp_inst                                                                                                                                                                                                    ;
;                                     |lpm_add_sub:\gen_fixed:lpm_add_sub_component                                    ; 0.00 mW (0.00 mW)                    ; 0.00 mW (0.00 mW)               ; --                                ; 0.00 mW (0.00 mW)                 ; |GaussianMixtureModel|fft_wrapper:fft_inst|fft:fft_1|fft_fft_ii_0:fft_ii_0|auk_dspip_r22sdf_top:auk_dspip_r22sdf_top_inst|auk_dspip_r22sdf_core:r22sdf_core_inst|auk_dspip_r22sdf_stage:\gen_natural_order_core:gen_stages:3:r22_stage|auk_dspip_r22sdf_bfi:\gen_bfi:bfi_inst|auk_dspip_r22sdf_addsub:in_imag_comp_inst|lpm_add_sub:\gen_fixed:lpm_add_sub_component                                                                                                                                                       ;
;                                         |add_sub_5pi:auto_generated                                                  ; 0.00 mW (0.00 mW)                    ; 0.00 mW (0.00 mW)               ; --                                ; 0.00 mW (0.00 mW)                 ; |GaussianMixtureModel|fft_wrapper:fft_inst|fft:fft_1|fft_fft_ii_0:fft_ii_0|auk_dspip_r22sdf_top:auk_dspip_r22sdf_top_inst|auk_dspip_r22sdf_core:r22sdf_core_inst|auk_dspip_r22sdf_stage:\gen_natural_order_core:gen_stages:3:r22_stage|auk_dspip_r22sdf_bfi:\gen_bfi:bfi_inst|auk_dspip_r22sdf_addsub:in_imag_comp_inst|lpm_add_sub:\gen_fixed:lpm_add_sub_component|add_sub_5pi:auto_generated                                                                                                                            ;
;                                 |auk_dspip_r22sdf_addsub:in_real_comp_inst                                           ; 0.00 mW (0.00 mW)                    ; 0.00 mW (0.00 mW)               ; --                                ; 0.00 mW (0.00 mW)                 ; |GaussianMixtureModel|fft_wrapper:fft_inst|fft:fft_1|fft_fft_ii_0:fft_ii_0|auk_dspip_r22sdf_top:auk_dspip_r22sdf_top_inst|auk_dspip_r22sdf_core:r22sdf_core_inst|auk_dspip_r22sdf_stage:\gen_natural_order_core:gen_stages:3:r22_stage|auk_dspip_r22sdf_bfi:\gen_bfi:bfi_inst|auk_dspip_r22sdf_addsub:in_real_comp_inst                                                                                                                                                                                                    ;
;                                     |lpm_add_sub:\gen_fixed:lpm_add_sub_component                                    ; 0.00 mW (0.00 mW)                    ; 0.00 mW (0.00 mW)               ; --                                ; 0.00 mW (0.00 mW)                 ; |GaussianMixtureModel|fft_wrapper:fft_inst|fft:fft_1|fft_fft_ii_0:fft_ii_0|auk_dspip_r22sdf_top:auk_dspip_r22sdf_top_inst|auk_dspip_r22sdf_core:r22sdf_core_inst|auk_dspip_r22sdf_stage:\gen_natural_order_core:gen_stages:3:r22_stage|auk_dspip_r22sdf_bfi:\gen_bfi:bfi_inst|auk_dspip_r22sdf_addsub:in_real_comp_inst|lpm_add_sub:\gen_fixed:lpm_add_sub_component                                                                                                                                                       ;
;                                         |add_sub_5pi:auto_generated                                                  ; 0.00 mW (0.00 mW)                    ; 0.00 mW (0.00 mW)               ; --                                ; 0.00 mW (0.00 mW)                 ; |GaussianMixtureModel|fft_wrapper:fft_inst|fft:fft_1|fft_fft_ii_0:fft_ii_0|auk_dspip_r22sdf_top:auk_dspip_r22sdf_top_inst|auk_dspip_r22sdf_core:r22sdf_core_inst|auk_dspip_r22sdf_stage:\gen_natural_order_core:gen_stages:3:r22_stage|auk_dspip_r22sdf_bfi:\gen_bfi:bfi_inst|auk_dspip_r22sdf_addsub:in_real_comp_inst|lpm_add_sub:\gen_fixed:lpm_add_sub_component|add_sub_5pi:auto_generated                                                                                                                            ;
;                             |auk_dspip_r22sdf_bfii:\gen_bfii:bfii_inst                                               ; 0.00 mW (0.00 mW)                    ; 0.00 mW (0.00 mW)               ; --                                ; 0.00 mW (0.00 mW)                 ; |GaussianMixtureModel|fft_wrapper:fft_inst|fft:fft_1|fft_fft_ii_0:fft_ii_0|auk_dspip_r22sdf_top:auk_dspip_r22sdf_top_inst|auk_dspip_r22sdf_core:r22sdf_core_inst|auk_dspip_r22sdf_stage:\gen_natural_order_core:gen_stages:3:r22_stage|auk_dspip_r22sdf_bfii:\gen_bfii:bfii_inst                                                                                                                                                                                                                                           ;
;                                 |auk_dspip_r22sdf_bf_control:bf_control_inst                                         ; 0.00 mW (0.00 mW)                    ; 0.00 mW (0.00 mW)               ; --                                ; 0.00 mW (0.00 mW)                 ; |GaussianMixtureModel|fft_wrapper:fft_inst|fft:fft_1|fft_fft_ii_0:fft_ii_0|auk_dspip_r22sdf_top:auk_dspip_r22sdf_top_inst|auk_dspip_r22sdf_core:r22sdf_core_inst|auk_dspip_r22sdf_stage:\gen_natural_order_core:gen_stages:3:r22_stage|auk_dspip_r22sdf_bfii:\gen_bfii:bfii_inst|auk_dspip_r22sdf_bf_control:bf_control_inst                                                                                                                                                                                               ;
;                                     |auk_dspip_r22sdf_counter:bf_counter_inst                                        ; 0.00 mW (0.00 mW)                    ; 0.00 mW (0.00 mW)               ; --                                ; 0.00 mW (0.00 mW)                 ; |GaussianMixtureModel|fft_wrapper:fft_inst|fft:fft_1|fft_fft_ii_0:fft_ii_0|auk_dspip_r22sdf_top:auk_dspip_r22sdf_top_inst|auk_dspip_r22sdf_core:r22sdf_core_inst|auk_dspip_r22sdf_stage:\gen_natural_order_core:gen_stages:3:r22_stage|auk_dspip_r22sdf_bfii:\gen_bfii:bfii_inst|auk_dspip_r22sdf_bf_control:bf_control_inst|auk_dspip_r22sdf_counter:bf_counter_inst                                                                                                                                                      ;
;                                 |auk_dspip_r22sdf_addsub:del_in_imag_comp_inst                                       ; 0.00 mW (0.00 mW)                    ; 0.00 mW (0.00 mW)               ; --                                ; 0.00 mW (0.00 mW)                 ; |GaussianMixtureModel|fft_wrapper:fft_inst|fft:fft_1|fft_fft_ii_0:fft_ii_0|auk_dspip_r22sdf_top:auk_dspip_r22sdf_top_inst|auk_dspip_r22sdf_core:r22sdf_core_inst|auk_dspip_r22sdf_stage:\gen_natural_order_core:gen_stages:3:r22_stage|auk_dspip_r22sdf_bfii:\gen_bfii:bfii_inst|auk_dspip_r22sdf_addsub:del_in_imag_comp_inst                                                                                                                                                                                             ;
;                                     |lpm_add_sub:\gen_fixed:lpm_add_sub_component                                    ; 0.00 mW (0.00 mW)                    ; 0.00 mW (0.00 mW)               ; --                                ; 0.00 mW (0.00 mW)                 ; |GaussianMixtureModel|fft_wrapper:fft_inst|fft:fft_1|fft_fft_ii_0:fft_ii_0|auk_dspip_r22sdf_top:auk_dspip_r22sdf_top_inst|auk_dspip_r22sdf_core:r22sdf_core_inst|auk_dspip_r22sdf_stage:\gen_natural_order_core:gen_stages:3:r22_stage|auk_dspip_r22sdf_bfii:\gen_bfii:bfii_inst|auk_dspip_r22sdf_addsub:del_in_imag_comp_inst|lpm_add_sub:\gen_fixed:lpm_add_sub_component                                                                                                                                                ;
;                                         |add_sub_6pi:auto_generated                                                  ; 0.00 mW (0.00 mW)                    ; 0.00 mW (0.00 mW)               ; --                                ; 0.00 mW (0.00 mW)                 ; |GaussianMixtureModel|fft_wrapper:fft_inst|fft:fft_1|fft_fft_ii_0:fft_ii_0|auk_dspip_r22sdf_top:auk_dspip_r22sdf_top_inst|auk_dspip_r22sdf_core:r22sdf_core_inst|auk_dspip_r22sdf_stage:\gen_natural_order_core:gen_stages:3:r22_stage|auk_dspip_r22sdf_bfii:\gen_bfii:bfii_inst|auk_dspip_r22sdf_addsub:del_in_imag_comp_inst|lpm_add_sub:\gen_fixed:lpm_add_sub_component|add_sub_6pi:auto_generated                                                                                                                     ;
;                                 |auk_dspip_r22sdf_addsub:del_in_real_comp_inst                                       ; 0.00 mW (0.00 mW)                    ; 0.00 mW (0.00 mW)               ; --                                ; 0.00 mW (0.00 mW)                 ; |GaussianMixtureModel|fft_wrapper:fft_inst|fft:fft_1|fft_fft_ii_0:fft_ii_0|auk_dspip_r22sdf_top:auk_dspip_r22sdf_top_inst|auk_dspip_r22sdf_core:r22sdf_core_inst|auk_dspip_r22sdf_stage:\gen_natural_order_core:gen_stages:3:r22_stage|auk_dspip_r22sdf_bfii:\gen_bfii:bfii_inst|auk_dspip_r22sdf_addsub:del_in_real_comp_inst                                                                                                                                                                                             ;
;                                     |lpm_add_sub:\gen_fixed:lpm_add_sub_component                                    ; 0.00 mW (0.00 mW)                    ; 0.00 mW (0.00 mW)               ; --                                ; 0.00 mW (0.00 mW)                 ; |GaussianMixtureModel|fft_wrapper:fft_inst|fft:fft_1|fft_fft_ii_0:fft_ii_0|auk_dspip_r22sdf_top:auk_dspip_r22sdf_top_inst|auk_dspip_r22sdf_core:r22sdf_core_inst|auk_dspip_r22sdf_stage:\gen_natural_order_core:gen_stages:3:r22_stage|auk_dspip_r22sdf_bfii:\gen_bfii:bfii_inst|auk_dspip_r22sdf_addsub:del_in_real_comp_inst|lpm_add_sub:\gen_fixed:lpm_add_sub_component                                                                                                                                                ;
;                                         |add_sub_6pi:auto_generated                                                  ; 0.00 mW (0.00 mW)                    ; 0.00 mW (0.00 mW)               ; --                                ; 0.00 mW (0.00 mW)                 ; |GaussianMixtureModel|fft_wrapper:fft_inst|fft:fft_1|fft_fft_ii_0:fft_ii_0|auk_dspip_r22sdf_top:auk_dspip_r22sdf_top_inst|auk_dspip_r22sdf_core:r22sdf_core_inst|auk_dspip_r22sdf_stage:\gen_natural_order_core:gen_stages:3:r22_stage|auk_dspip_r22sdf_bfii:\gen_bfii:bfii_inst|auk_dspip_r22sdf_addsub:del_in_real_comp_inst|lpm_add_sub:\gen_fixed:lpm_add_sub_component|add_sub_6pi:auto_generated                                                                                                                     ;
;                                 |auk_dspip_r22sdf_addsub:in_imag_comp_inst                                           ; 0.00 mW (0.00 mW)                    ; 0.00 mW (0.00 mW)               ; --                                ; 0.00 mW (0.00 mW)                 ; |GaussianMixtureModel|fft_wrapper:fft_inst|fft:fft_1|fft_fft_ii_0:fft_ii_0|auk_dspip_r22sdf_top:auk_dspip_r22sdf_top_inst|auk_dspip_r22sdf_core:r22sdf_core_inst|auk_dspip_r22sdf_stage:\gen_natural_order_core:gen_stages:3:r22_stage|auk_dspip_r22sdf_bfii:\gen_bfii:bfii_inst|auk_dspip_r22sdf_addsub:in_imag_comp_inst                                                                                                                                                                                                 ;
;                                     |lpm_add_sub:\gen_fixed:lpm_add_sub_component                                    ; 0.00 mW (0.00 mW)                    ; 0.00 mW (0.00 mW)               ; --                                ; 0.00 mW (0.00 mW)                 ; |GaussianMixtureModel|fft_wrapper:fft_inst|fft:fft_1|fft_fft_ii_0:fft_ii_0|auk_dspip_r22sdf_top:auk_dspip_r22sdf_top_inst|auk_dspip_r22sdf_core:r22sdf_core_inst|auk_dspip_r22sdf_stage:\gen_natural_order_core:gen_stages:3:r22_stage|auk_dspip_r22sdf_bfii:\gen_bfii:bfii_inst|auk_dspip_r22sdf_addsub:in_imag_comp_inst|lpm_add_sub:\gen_fixed:lpm_add_sub_component                                                                                                                                                    ;
;                                         |add_sub_6pi:auto_generated                                                  ; 0.00 mW (0.00 mW)                    ; 0.00 mW (0.00 mW)               ; --                                ; 0.00 mW (0.00 mW)                 ; |GaussianMixtureModel|fft_wrapper:fft_inst|fft:fft_1|fft_fft_ii_0:fft_ii_0|auk_dspip_r22sdf_top:auk_dspip_r22sdf_top_inst|auk_dspip_r22sdf_core:r22sdf_core_inst|auk_dspip_r22sdf_stage:\gen_natural_order_core:gen_stages:3:r22_stage|auk_dspip_r22sdf_bfii:\gen_bfii:bfii_inst|auk_dspip_r22sdf_addsub:in_imag_comp_inst|lpm_add_sub:\gen_fixed:lpm_add_sub_component|add_sub_6pi:auto_generated                                                                                                                         ;
;                                 |auk_dspip_r22sdf_addsub:in_real_comp_inst                                           ; 0.00 mW (0.00 mW)                    ; 0.00 mW (0.00 mW)               ; --                                ; 0.00 mW (0.00 mW)                 ; |GaussianMixtureModel|fft_wrapper:fft_inst|fft:fft_1|fft_fft_ii_0:fft_ii_0|auk_dspip_r22sdf_top:auk_dspip_r22sdf_top_inst|auk_dspip_r22sdf_core:r22sdf_core_inst|auk_dspip_r22sdf_stage:\gen_natural_order_core:gen_stages:3:r22_stage|auk_dspip_r22sdf_bfii:\gen_bfii:bfii_inst|auk_dspip_r22sdf_addsub:in_real_comp_inst                                                                                                                                                                                                 ;
;                                     |lpm_add_sub:\gen_fixed:lpm_add_sub_component                                    ; 0.00 mW (0.00 mW)                    ; 0.00 mW (0.00 mW)               ; --                                ; 0.00 mW (0.00 mW)                 ; |GaussianMixtureModel|fft_wrapper:fft_inst|fft:fft_1|fft_fft_ii_0:fft_ii_0|auk_dspip_r22sdf_top:auk_dspip_r22sdf_top_inst|auk_dspip_r22sdf_core:r22sdf_core_inst|auk_dspip_r22sdf_stage:\gen_natural_order_core:gen_stages:3:r22_stage|auk_dspip_r22sdf_bfii:\gen_bfii:bfii_inst|auk_dspip_r22sdf_addsub:in_real_comp_inst|lpm_add_sub:\gen_fixed:lpm_add_sub_component                                                                                                                                                    ;
;                                         |add_sub_6pi:auto_generated                                                  ; 0.00 mW (0.00 mW)                    ; 0.00 mW (0.00 mW)               ; --                                ; 0.00 mW (0.00 mW)                 ; |GaussianMixtureModel|fft_wrapper:fft_inst|fft:fft_1|fft_fft_ii_0:fft_ii_0|auk_dspip_r22sdf_top:auk_dspip_r22sdf_top_inst|auk_dspip_r22sdf_core:r22sdf_core_inst|auk_dspip_r22sdf_stage:\gen_natural_order_core:gen_stages:3:r22_stage|auk_dspip_r22sdf_bfii:\gen_bfii:bfii_inst|auk_dspip_r22sdf_addsub:in_real_comp_inst|lpm_add_sub:\gen_fixed:lpm_add_sub_component|add_sub_6pi:auto_generated                                                                                                                         ;
;                             |auk_dspip_r22sdf_cma:\gen_cma:cma_fixedpt:cma_inst                                      ; 0.00 mW (0.00 mW)                    ; 0.00 mW (0.00 mW)               ; --                                ; 0.00 mW (0.00 mW)                 ; |GaussianMixtureModel|fft_wrapper:fft_inst|fft:fft_1|fft_fft_ii_0:fft_ii_0|auk_dspip_r22sdf_top:auk_dspip_r22sdf_top_inst|auk_dspip_r22sdf_core:r22sdf_core_inst|auk_dspip_r22sdf_stage:\gen_natural_order_core:gen_stages:3:r22_stage|auk_dspip_r22sdf_cma:\gen_cma:cma_fixedpt:cma_inst                                                                                                                                                                                                                                  ;
;                                 |auk_dspip_roundsat:\NONA10_C_Mult_Archs:gen_large_mult1:round_imag                  ; 0.00 mW (0.00 mW)                    ; 0.00 mW (0.00 mW)               ; --                                ; 0.00 mW (0.00 mW)                 ; |GaussianMixtureModel|fft_wrapper:fft_inst|fft:fft_1|fft_fft_ii_0:fft_ii_0|auk_dspip_r22sdf_top:auk_dspip_r22sdf_top_inst|auk_dspip_r22sdf_core:r22sdf_core_inst|auk_dspip_r22sdf_stage:\gen_natural_order_core:gen_stages:3:r22_stage|auk_dspip_r22sdf_cma:\gen_cma:cma_fixedpt:cma_inst|auk_dspip_roundsat:\NONA10_C_Mult_Archs:gen_large_mult1:round_imag                                                                                                                                                               ;
;                                 |auk_dspip_roundsat:\NONA10_C_Mult_Archs:gen_large_mult1:round_real                  ; 0.00 mW (0.00 mW)                    ; 0.00 mW (0.00 mW)               ; --                                ; 0.00 mW (0.00 mW)                 ; |GaussianMixtureModel|fft_wrapper:fft_inst|fft:fft_1|fft_fft_ii_0:fft_ii_0|auk_dspip_r22sdf_top:auk_dspip_r22sdf_top_inst|auk_dspip_r22sdf_core:r22sdf_core_inst|auk_dspip_r22sdf_stage:\gen_natural_order_core:gen_stages:3:r22_stage|auk_dspip_r22sdf_cma:\gen_cma:cma_fixedpt:cma_inst|auk_dspip_roundsat:\NONA10_C_Mult_Archs:gen_large_mult1:round_real                                                                                                                                                               ;
;                                 |auk_dspip_r22sdf_counter:bf_counter_inst                                            ; 0.00 mW (0.00 mW)                    ; 0.00 mW (0.00 mW)               ; --                                ; 0.00 mW (0.00 mW)                 ; |GaussianMixtureModel|fft_wrapper:fft_inst|fft:fft_1|fft_fft_ii_0:fft_ii_0|auk_dspip_r22sdf_top:auk_dspip_r22sdf_top_inst|auk_dspip_r22sdf_core:r22sdf_core_inst|auk_dspip_r22sdf_stage:\gen_natural_order_core:gen_stages:3:r22_stage|auk_dspip_r22sdf_cma:\gen_cma:cma_fixedpt:cma_inst|auk_dspip_r22sdf_counter:bf_counter_inst                                                                                                                                                                                         ;
;                                 |lpm_mult:Mult0                                                                      ; 0.00 mW (0.00 mW)                    ; 0.00 mW (0.00 mW)               ; --                                ; 0.00 mW (0.00 mW)                 ; |GaussianMixtureModel|fft_wrapper:fft_inst|fft:fft_1|fft_fft_ii_0:fft_ii_0|auk_dspip_r22sdf_top:auk_dspip_r22sdf_top_inst|auk_dspip_r22sdf_core:r22sdf_core_inst|auk_dspip_r22sdf_stage:\gen_natural_order_core:gen_stages:3:r22_stage|auk_dspip_r22sdf_cma:\gen_cma:cma_fixedpt:cma_inst|lpm_mult:Mult0                                                                                                                                                                                                                   ;
;                                     |mult_qgs:auto_generated                                                         ; 0.00 mW (0.00 mW)                    ; 0.00 mW (0.00 mW)               ; --                                ; 0.00 mW (0.00 mW)                 ; |GaussianMixtureModel|fft_wrapper:fft_inst|fft:fft_1|fft_fft_ii_0:fft_ii_0|auk_dspip_r22sdf_top:auk_dspip_r22sdf_top_inst|auk_dspip_r22sdf_core:r22sdf_core_inst|auk_dspip_r22sdf_stage:\gen_natural_order_core:gen_stages:3:r22_stage|auk_dspip_r22sdf_cma:\gen_cma:cma_fixedpt:cma_inst|lpm_mult:Mult0|mult_qgs:auto_generated                                                                                                                                                                                           ;
;                                 |lpm_mult:Mult1                                                                      ; 0.00 mW (0.00 mW)                    ; 0.00 mW (0.00 mW)               ; --                                ; 0.00 mW (0.00 mW)                 ; |GaussianMixtureModel|fft_wrapper:fft_inst|fft:fft_1|fft_fft_ii_0:fft_ii_0|auk_dspip_r22sdf_top:auk_dspip_r22sdf_top_inst|auk_dspip_r22sdf_core:r22sdf_core_inst|auk_dspip_r22sdf_stage:\gen_natural_order_core:gen_stages:3:r22_stage|auk_dspip_r22sdf_cma:\gen_cma:cma_fixedpt:cma_inst|lpm_mult:Mult1                                                                                                                                                                                                                   ;
;                                     |mult_qgs:auto_generated                                                         ; 0.00 mW (0.00 mW)                    ; 0.00 mW (0.00 mW)               ; --                                ; 0.00 mW (0.00 mW)                 ; |GaussianMixtureModel|fft_wrapper:fft_inst|fft:fft_1|fft_fft_ii_0:fft_ii_0|auk_dspip_r22sdf_top:auk_dspip_r22sdf_top_inst|auk_dspip_r22sdf_core:r22sdf_core_inst|auk_dspip_r22sdf_stage:\gen_natural_order_core:gen_stages:3:r22_stage|auk_dspip_r22sdf_cma:\gen_cma:cma_fixedpt:cma_inst|lpm_mult:Mult1|mult_qgs:auto_generated                                                                                                                                                                                           ;
;                                 |lpm_mult:Mult2                                                                      ; 0.00 mW (0.00 mW)                    ; 0.00 mW (0.00 mW)               ; --                                ; 0.00 mW (0.00 mW)                 ; |GaussianMixtureModel|fft_wrapper:fft_inst|fft:fft_1|fft_fft_ii_0:fft_ii_0|auk_dspip_r22sdf_top:auk_dspip_r22sdf_top_inst|auk_dspip_r22sdf_core:r22sdf_core_inst|auk_dspip_r22sdf_stage:\gen_natural_order_core:gen_stages:3:r22_stage|auk_dspip_r22sdf_cma:\gen_cma:cma_fixedpt:cma_inst|lpm_mult:Mult2                                                                                                                                                                                                                   ;
;                                     |mult_qgs:auto_generated                                                         ; 0.00 mW (0.00 mW)                    ; 0.00 mW (0.00 mW)               ; --                                ; 0.00 mW (0.00 mW)                 ; |GaussianMixtureModel|fft_wrapper:fft_inst|fft:fft_1|fft_fft_ii_0:fft_ii_0|auk_dspip_r22sdf_top:auk_dspip_r22sdf_top_inst|auk_dspip_r22sdf_core:r22sdf_core_inst|auk_dspip_r22sdf_stage:\gen_natural_order_core:gen_stages:3:r22_stage|auk_dspip_r22sdf_cma:\gen_cma:cma_fixedpt:cma_inst|lpm_mult:Mult2|mult_qgs:auto_generated                                                                                                                                                                                           ;
;                                 |lpm_mult:Mult3                                                                      ; 0.00 mW (0.00 mW)                    ; 0.00 mW (0.00 mW)               ; --                                ; 0.00 mW (0.00 mW)                 ; |GaussianMixtureModel|fft_wrapper:fft_inst|fft:fft_1|fft_fft_ii_0:fft_ii_0|auk_dspip_r22sdf_top:auk_dspip_r22sdf_top_inst|auk_dspip_r22sdf_core:r22sdf_core_inst|auk_dspip_r22sdf_stage:\gen_natural_order_core:gen_stages:3:r22_stage|auk_dspip_r22sdf_cma:\gen_cma:cma_fixedpt:cma_inst|lpm_mult:Mult3                                                                                                                                                                                                                   ;
;                                     |mult_qgs:auto_generated                                                         ; 0.00 mW (0.00 mW)                    ; 0.00 mW (0.00 mW)               ; --                                ; 0.00 mW (0.00 mW)                 ; |GaussianMixtureModel|fft_wrapper:fft_inst|fft:fft_1|fft_fft_ii_0:fft_ii_0|auk_dspip_r22sdf_top:auk_dspip_r22sdf_top_inst|auk_dspip_r22sdf_core:r22sdf_core_inst|auk_dspip_r22sdf_stage:\gen_natural_order_core:gen_stages:3:r22_stage|auk_dspip_r22sdf_cma:\gen_cma:cma_fixedpt:cma_inst|lpm_mult:Mult3|mult_qgs:auto_generated                                                                                                                                                                                           ;
;                                 |lpm_mult:Mult4                                                                      ; 0.00 mW (0.00 mW)                    ; 0.00 mW (0.00 mW)               ; --                                ; 0.00 mW (0.00 mW)                 ; |GaussianMixtureModel|fft_wrapper:fft_inst|fft:fft_1|fft_fft_ii_0:fft_ii_0|auk_dspip_r22sdf_top:auk_dspip_r22sdf_top_inst|auk_dspip_r22sdf_core:r22sdf_core_inst|auk_dspip_r22sdf_stage:\gen_natural_order_core:gen_stages:3:r22_stage|auk_dspip_r22sdf_cma:\gen_cma:cma_fixedpt:cma_inst|lpm_mult:Mult4                                                                                                                                                                                                                   ;
;                                     |mult_qgs:auto_generated                                                         ; 0.00 mW (0.00 mW)                    ; 0.00 mW (0.00 mW)               ; --                                ; 0.00 mW (0.00 mW)                 ; |GaussianMixtureModel|fft_wrapper:fft_inst|fft:fft_1|fft_fft_ii_0:fft_ii_0|auk_dspip_r22sdf_top:auk_dspip_r22sdf_top_inst|auk_dspip_r22sdf_core:r22sdf_core_inst|auk_dspip_r22sdf_stage:\gen_natural_order_core:gen_stages:3:r22_stage|auk_dspip_r22sdf_cma:\gen_cma:cma_fixedpt:cma_inst|lpm_mult:Mult4|mult_qgs:auto_generated                                                                                                                                                                                           ;
;                                 |lpm_mult:Mult5                                                                      ; 0.00 mW (0.00 mW)                    ; 0.00 mW (0.00 mW)               ; --                                ; 0.00 mW (0.00 mW)                 ; |GaussianMixtureModel|fft_wrapper:fft_inst|fft:fft_1|fft_fft_ii_0:fft_ii_0|auk_dspip_r22sdf_top:auk_dspip_r22sdf_top_inst|auk_dspip_r22sdf_core:r22sdf_core_inst|auk_dspip_r22sdf_stage:\gen_natural_order_core:gen_stages:3:r22_stage|auk_dspip_r22sdf_cma:\gen_cma:cma_fixedpt:cma_inst|lpm_mult:Mult5                                                                                                                                                                                                                   ;
;                                     |mult_qgs:auto_generated                                                         ; 0.00 mW (0.00 mW)                    ; 0.00 mW (0.00 mW)               ; --                                ; 0.00 mW (0.00 mW)                 ; |GaussianMixtureModel|fft_wrapper:fft_inst|fft:fft_1|fft_fft_ii_0:fft_ii_0|auk_dspip_r22sdf_top:auk_dspip_r22sdf_top_inst|auk_dspip_r22sdf_core:r22sdf_core_inst|auk_dspip_r22sdf_stage:\gen_natural_order_core:gen_stages:3:r22_stage|auk_dspip_r22sdf_cma:\gen_cma:cma_fixedpt:cma_inst|lpm_mult:Mult5|mult_qgs:auto_generated                                                                                                                                                                                           ;
;                                 |lpm_mult:Mult6                                                                      ; 0.00 mW (0.00 mW)                    ; 0.00 mW (0.00 mW)               ; --                                ; 0.00 mW (0.00 mW)                 ; |GaussianMixtureModel|fft_wrapper:fft_inst|fft:fft_1|fft_fft_ii_0:fft_ii_0|auk_dspip_r22sdf_top:auk_dspip_r22sdf_top_inst|auk_dspip_r22sdf_core:r22sdf_core_inst|auk_dspip_r22sdf_stage:\gen_natural_order_core:gen_stages:3:r22_stage|auk_dspip_r22sdf_cma:\gen_cma:cma_fixedpt:cma_inst|lpm_mult:Mult6                                                                                                                                                                                                                   ;
;                                     |mult_qgs:auto_generated                                                         ; 0.00 mW (0.00 mW)                    ; 0.00 mW (0.00 mW)               ; --                                ; 0.00 mW (0.00 mW)                 ; |GaussianMixtureModel|fft_wrapper:fft_inst|fft:fft_1|fft_fft_ii_0:fft_ii_0|auk_dspip_r22sdf_top:auk_dspip_r22sdf_top_inst|auk_dspip_r22sdf_core:r22sdf_core_inst|auk_dspip_r22sdf_stage:\gen_natural_order_core:gen_stages:3:r22_stage|auk_dspip_r22sdf_cma:\gen_cma:cma_fixedpt:cma_inst|lpm_mult:Mult6|mult_qgs:auto_generated                                                                                                                                                                                           ;
;                                 |lpm_mult:Mult7                                                                      ; 0.00 mW (0.00 mW)                    ; 0.00 mW (0.00 mW)               ; --                                ; 0.00 mW (0.00 mW)                 ; |GaussianMixtureModel|fft_wrapper:fft_inst|fft:fft_1|fft_fft_ii_0:fft_ii_0|auk_dspip_r22sdf_top:auk_dspip_r22sdf_top_inst|auk_dspip_r22sdf_core:r22sdf_core_inst|auk_dspip_r22sdf_stage:\gen_natural_order_core:gen_stages:3:r22_stage|auk_dspip_r22sdf_cma:\gen_cma:cma_fixedpt:cma_inst|lpm_mult:Mult7                                                                                                                                                                                                                   ;
;                                     |mult_qgs:auto_generated                                                         ; 0.00 mW (0.00 mW)                    ; 0.00 mW (0.00 mW)               ; --                                ; 0.00 mW (0.00 mW)                 ; |GaussianMixtureModel|fft_wrapper:fft_inst|fft:fft_1|fft_fft_ii_0:fft_ii_0|auk_dspip_r22sdf_top:auk_dspip_r22sdf_top_inst|auk_dspip_r22sdf_core:r22sdf_core_inst|auk_dspip_r22sdf_stage:\gen_natural_order_core:gen_stages:3:r22_stage|auk_dspip_r22sdf_cma:\gen_cma:cma_fixedpt:cma_inst|lpm_mult:Mult7|mult_qgs:auto_generated                                                                                                                                                                                           ;
;                         |auk_dspip_r22sdf_twrom:\gen_natural_order_core:gen_stages:4:gen_twiddles:stg_twidrom2       ; 0.00 mW (0.00 mW)                    ; 0.00 mW (0.00 mW)               ; --                                ; 0.00 mW (0.00 mW)                 ; |GaussianMixtureModel|fft_wrapper:fft_inst|fft:fft_1|fft_fft_ii_0:fft_ii_0|auk_dspip_r22sdf_top:auk_dspip_r22sdf_top_inst|auk_dspip_r22sdf_core:r22sdf_core_inst|auk_dspip_r22sdf_twrom:\gen_natural_order_core:gen_stages:4:gen_twiddles:stg_twidrom2                                                                                                                                                                                                                                                                     ;
;                             |counter_module:\gen_optimized_memory_delayed:gen_non_pwr_2:cnt_array_gen:0:cnt_w_k_inst ; 0.00 mW (0.00 mW)                    ; 0.00 mW (0.00 mW)               ; --                                ; 0.00 mW (0.00 mW)                 ; |GaussianMixtureModel|fft_wrapper:fft_inst|fft:fft_1|fft_fft_ii_0:fft_ii_0|auk_dspip_r22sdf_top:auk_dspip_r22sdf_top_inst|auk_dspip_r22sdf_core:r22sdf_core_inst|auk_dspip_r22sdf_twrom:\gen_natural_order_core:gen_stages:4:gen_twiddles:stg_twidrom2|counter_module:\gen_optimized_memory_delayed:gen_non_pwr_2:cnt_array_gen:0:cnt_w_k_inst                                                                                                                                                                             ;
;                             |counter_module:\gen_optimized_memory_delayed:gen_non_pwr_2:cnt_array_gen:1:cnt_w_k_inst ; 0.00 mW (0.00 mW)                    ; 0.00 mW (0.00 mW)               ; --                                ; 0.00 mW (0.00 mW)                 ; |GaussianMixtureModel|fft_wrapper:fft_inst|fft:fft_1|fft_fft_ii_0:fft_ii_0|auk_dspip_r22sdf_top:auk_dspip_r22sdf_top_inst|auk_dspip_r22sdf_core:r22sdf_core_inst|auk_dspip_r22sdf_twrom:\gen_natural_order_core:gen_stages:4:gen_twiddles:stg_twidrom2|counter_module:\gen_optimized_memory_delayed:gen_non_pwr_2:cnt_array_gen:1:cnt_w_k_inst                                                                                                                                                                             ;
;                             |counter_module:\gen_optimized_memory_delayed:gen_non_pwr_2:cnt_array_gen:2:cnt_w_k_inst ; 0.00 mW (0.00 mW)                    ; 0.00 mW (0.00 mW)               ; --                                ; 0.00 mW (0.00 mW)                 ; |GaussianMixtureModel|fft_wrapper:fft_inst|fft:fft_1|fft_fft_ii_0:fft_ii_0|auk_dspip_r22sdf_top:auk_dspip_r22sdf_top_inst|auk_dspip_r22sdf_core:r22sdf_core_inst|auk_dspip_r22sdf_twrom:\gen_natural_order_core:gen_stages:4:gen_twiddles:stg_twidrom2|counter_module:\gen_optimized_memory_delayed:gen_non_pwr_2:cnt_array_gen:2:cnt_w_k_inst                                                                                                                                                                             ;
;                             |altera_fft_single_port_rom:\gen_optimized_memory_delayed:single_port_rom_component_imag ; 0.00 mW (0.00 mW)                    ; 0.00 mW (0.00 mW)               ; --                                ; 0.00 mW (0.00 mW)                 ; |GaussianMixtureModel|fft_wrapper:fft_inst|fft:fft_1|fft_fft_ii_0:fft_ii_0|auk_dspip_r22sdf_top:auk_dspip_r22sdf_top_inst|auk_dspip_r22sdf_core:r22sdf_core_inst|auk_dspip_r22sdf_twrom:\gen_natural_order_core:gen_stages:4:gen_twiddles:stg_twidrom2|altera_fft_single_port_rom:\gen_optimized_memory_delayed:single_port_rom_component_imag                                                                                                                                                                             ;
;                                 |altsyncram:\old_ram_gen:old_ram_component                                           ; 0.00 mW (0.00 mW)                    ; 0.00 mW (0.00 mW)               ; --                                ; 0.00 mW (0.00 mW)                 ; |GaussianMixtureModel|fft_wrapper:fft_inst|fft:fft_1|fft_fft_ii_0:fft_ii_0|auk_dspip_r22sdf_top:auk_dspip_r22sdf_top_inst|auk_dspip_r22sdf_core:r22sdf_core_inst|auk_dspip_r22sdf_twrom:\gen_natural_order_core:gen_stages:4:gen_twiddles:stg_twidrom2|altera_fft_single_port_rom:\gen_optimized_memory_delayed:single_port_rom_component_imag|altsyncram:\old_ram_gen:old_ram_component                                                                                                                                   ;
;                                     |altsyncram_jms3:auto_generated                                                  ; 0.00 mW (0.00 mW)                    ; 0.00 mW (0.00 mW)               ; --                                ; 0.00 mW (0.00 mW)                 ; |GaussianMixtureModel|fft_wrapper:fft_inst|fft:fft_1|fft_fft_ii_0:fft_ii_0|auk_dspip_r22sdf_top:auk_dspip_r22sdf_top_inst|auk_dspip_r22sdf_core:r22sdf_core_inst|auk_dspip_r22sdf_twrom:\gen_natural_order_core:gen_stages:4:gen_twiddles:stg_twidrom2|altera_fft_single_port_rom:\gen_optimized_memory_delayed:single_port_rom_component_imag|altsyncram:\old_ram_gen:old_ram_component|altsyncram_jms3:auto_generated                                                                                                    ;
;                             |altera_fft_single_port_rom:\gen_optimized_memory_delayed:single_port_rom_component_real ; 0.00 mW (0.00 mW)                    ; 0.00 mW (0.00 mW)               ; --                                ; 0.00 mW (0.00 mW)                 ; |GaussianMixtureModel|fft_wrapper:fft_inst|fft:fft_1|fft_fft_ii_0:fft_ii_0|auk_dspip_r22sdf_top:auk_dspip_r22sdf_top_inst|auk_dspip_r22sdf_core:r22sdf_core_inst|auk_dspip_r22sdf_twrom:\gen_natural_order_core:gen_stages:4:gen_twiddles:stg_twidrom2|altera_fft_single_port_rom:\gen_optimized_memory_delayed:single_port_rom_component_real                                                                                                                                                                             ;
;                                 |altsyncram:\old_ram_gen:old_ram_component                                           ; 0.00 mW (0.00 mW)                    ; 0.00 mW (0.00 mW)               ; --                                ; 0.00 mW (0.00 mW)                 ; |GaussianMixtureModel|fft_wrapper:fft_inst|fft:fft_1|fft_fft_ii_0:fft_ii_0|auk_dspip_r22sdf_top:auk_dspip_r22sdf_top_inst|auk_dspip_r22sdf_core:r22sdf_core_inst|auk_dspip_r22sdf_twrom:\gen_natural_order_core:gen_stages:4:gen_twiddles:stg_twidrom2|altera_fft_single_port_rom:\gen_optimized_memory_delayed:single_port_rom_component_real|altsyncram:\old_ram_gen:old_ram_component                                                                                                                                   ;
;                                     |altsyncram_jms3:auto_generated                                                  ; 0.00 mW (0.00 mW)                    ; 0.00 mW (0.00 mW)               ; --                                ; 0.00 mW (0.00 mW)                 ; |GaussianMixtureModel|fft_wrapper:fft_inst|fft:fft_1|fft_fft_ii_0:fft_ii_0|auk_dspip_r22sdf_top:auk_dspip_r22sdf_top_inst|auk_dspip_r22sdf_core:r22sdf_core_inst|auk_dspip_r22sdf_twrom:\gen_natural_order_core:gen_stages:4:gen_twiddles:stg_twidrom2|altera_fft_single_port_rom:\gen_optimized_memory_delayed:single_port_rom_component_real|altsyncram:\old_ram_gen:old_ram_component|altsyncram_jms3:auto_generated                                                                                                    ;
;                         |auk_dspip_r22sdf_stage:\gen_natural_order_core:gen_stages:4:r22_stage                       ; 0.00 mW (0.00 mW)                    ; 0.00 mW (0.00 mW)               ; --                                ; 0.00 mW (0.00 mW)                 ; |GaussianMixtureModel|fft_wrapper:fft_inst|fft:fft_1|fft_fft_ii_0:fft_ii_0|auk_dspip_r22sdf_top:auk_dspip_r22sdf_top_inst|auk_dspip_r22sdf_core:r22sdf_core_inst|auk_dspip_r22sdf_stage:\gen_natural_order_core:gen_stages:4:r22_stage                                                                                                                                                                                                                                                                                     ;
;                             |auk_dspip_r22sdf_bfi:\gen_bfi:bfi_inst                                                  ; 0.00 mW (0.00 mW)                    ; 0.00 mW (0.00 mW)               ; --                                ; 0.00 mW (0.00 mW)                 ; |GaussianMixtureModel|fft_wrapper:fft_inst|fft:fft_1|fft_fft_ii_0:fft_ii_0|auk_dspip_r22sdf_top:auk_dspip_r22sdf_top_inst|auk_dspip_r22sdf_core:r22sdf_core_inst|auk_dspip_r22sdf_stage:\gen_natural_order_core:gen_stages:4:r22_stage|auk_dspip_r22sdf_bfi:\gen_bfi:bfi_inst                                                                                                                                                                                                                                              ;
;                                 |auk_dspip_r22sdf_bf_control:bf_control_inst                                         ; 0.00 mW (0.00 mW)                    ; 0.00 mW (0.00 mW)               ; --                                ; 0.00 mW (0.00 mW)                 ; |GaussianMixtureModel|fft_wrapper:fft_inst|fft:fft_1|fft_fft_ii_0:fft_ii_0|auk_dspip_r22sdf_top:auk_dspip_r22sdf_top_inst|auk_dspip_r22sdf_core:r22sdf_core_inst|auk_dspip_r22sdf_stage:\gen_natural_order_core:gen_stages:4:r22_stage|auk_dspip_r22sdf_bfi:\gen_bfi:bfi_inst|auk_dspip_r22sdf_bf_control:bf_control_inst                                                                                                                                                                                                  ;
;                                     |auk_dspip_r22sdf_counter:bf_counter_inst                                        ; 0.00 mW (0.00 mW)                    ; 0.00 mW (0.00 mW)               ; --                                ; 0.00 mW (0.00 mW)                 ; |GaussianMixtureModel|fft_wrapper:fft_inst|fft:fft_1|fft_fft_ii_0:fft_ii_0|auk_dspip_r22sdf_top:auk_dspip_r22sdf_top_inst|auk_dspip_r22sdf_core:r22sdf_core_inst|auk_dspip_r22sdf_stage:\gen_natural_order_core:gen_stages:4:r22_stage|auk_dspip_r22sdf_bfi:\gen_bfi:bfi_inst|auk_dspip_r22sdf_bf_control:bf_control_inst|auk_dspip_r22sdf_counter:bf_counter_inst                                                                                                                                                         ;
;                                 |auk_dspip_r22sdf_addsub:del_in_imag_comp_inst                                       ; 0.00 mW (0.00 mW)                    ; 0.00 mW (0.00 mW)               ; --                                ; 0.00 mW (0.00 mW)                 ; |GaussianMixtureModel|fft_wrapper:fft_inst|fft:fft_1|fft_fft_ii_0:fft_ii_0|auk_dspip_r22sdf_top:auk_dspip_r22sdf_top_inst|auk_dspip_r22sdf_core:r22sdf_core_inst|auk_dspip_r22sdf_stage:\gen_natural_order_core:gen_stages:4:r22_stage|auk_dspip_r22sdf_bfi:\gen_bfi:bfi_inst|auk_dspip_r22sdf_addsub:del_in_imag_comp_inst                                                                                                                                                                                                ;
;                                     |lpm_add_sub:\gen_fixed:lpm_add_sub_component                                    ; 0.00 mW (0.00 mW)                    ; 0.00 mW (0.00 mW)               ; --                                ; 0.00 mW (0.00 mW)                 ; |GaussianMixtureModel|fft_wrapper:fft_inst|fft:fft_1|fft_fft_ii_0:fft_ii_0|auk_dspip_r22sdf_top:auk_dspip_r22sdf_top_inst|auk_dspip_r22sdf_core:r22sdf_core_inst|auk_dspip_r22sdf_stage:\gen_natural_order_core:gen_stages:4:r22_stage|auk_dspip_r22sdf_bfi:\gen_bfi:bfi_inst|auk_dspip_r22sdf_addsub:del_in_imag_comp_inst|lpm_add_sub:\gen_fixed:lpm_add_sub_component                                                                                                                                                   ;
;                                         |add_sub_7pi:auto_generated                                                  ; 0.00 mW (0.00 mW)                    ; 0.00 mW (0.00 mW)               ; --                                ; 0.00 mW (0.00 mW)                 ; |GaussianMixtureModel|fft_wrapper:fft_inst|fft:fft_1|fft_fft_ii_0:fft_ii_0|auk_dspip_r22sdf_top:auk_dspip_r22sdf_top_inst|auk_dspip_r22sdf_core:r22sdf_core_inst|auk_dspip_r22sdf_stage:\gen_natural_order_core:gen_stages:4:r22_stage|auk_dspip_r22sdf_bfi:\gen_bfi:bfi_inst|auk_dspip_r22sdf_addsub:del_in_imag_comp_inst|lpm_add_sub:\gen_fixed:lpm_add_sub_component|add_sub_7pi:auto_generated                                                                                                                        ;
;                                 |auk_dspip_r22sdf_addsub:del_in_real_comp_inst                                       ; 0.00 mW (0.00 mW)                    ; 0.00 mW (0.00 mW)               ; --                                ; 0.00 mW (0.00 mW)                 ; |GaussianMixtureModel|fft_wrapper:fft_inst|fft:fft_1|fft_fft_ii_0:fft_ii_0|auk_dspip_r22sdf_top:auk_dspip_r22sdf_top_inst|auk_dspip_r22sdf_core:r22sdf_core_inst|auk_dspip_r22sdf_stage:\gen_natural_order_core:gen_stages:4:r22_stage|auk_dspip_r22sdf_bfi:\gen_bfi:bfi_inst|auk_dspip_r22sdf_addsub:del_in_real_comp_inst                                                                                                                                                                                                ;
;                                     |lpm_add_sub:\gen_fixed:lpm_add_sub_component                                    ; 0.00 mW (0.00 mW)                    ; 0.00 mW (0.00 mW)               ; --                                ; 0.00 mW (0.00 mW)                 ; |GaussianMixtureModel|fft_wrapper:fft_inst|fft:fft_1|fft_fft_ii_0:fft_ii_0|auk_dspip_r22sdf_top:auk_dspip_r22sdf_top_inst|auk_dspip_r22sdf_core:r22sdf_core_inst|auk_dspip_r22sdf_stage:\gen_natural_order_core:gen_stages:4:r22_stage|auk_dspip_r22sdf_bfi:\gen_bfi:bfi_inst|auk_dspip_r22sdf_addsub:del_in_real_comp_inst|lpm_add_sub:\gen_fixed:lpm_add_sub_component                                                                                                                                                   ;
;                                         |add_sub_7pi:auto_generated                                                  ; 0.00 mW (0.00 mW)                    ; 0.00 mW (0.00 mW)               ; --                                ; 0.00 mW (0.00 mW)                 ; |GaussianMixtureModel|fft_wrapper:fft_inst|fft:fft_1|fft_fft_ii_0:fft_ii_0|auk_dspip_r22sdf_top:auk_dspip_r22sdf_top_inst|auk_dspip_r22sdf_core:r22sdf_core_inst|auk_dspip_r22sdf_stage:\gen_natural_order_core:gen_stages:4:r22_stage|auk_dspip_r22sdf_bfi:\gen_bfi:bfi_inst|auk_dspip_r22sdf_addsub:del_in_real_comp_inst|lpm_add_sub:\gen_fixed:lpm_add_sub_component|add_sub_7pi:auto_generated                                                                                                                        ;
;                                 |auk_dspip_r22sdf_addsub:in_imag_comp_inst                                           ; 0.00 mW (0.00 mW)                    ; 0.00 mW (0.00 mW)               ; --                                ; 0.00 mW (0.00 mW)                 ; |GaussianMixtureModel|fft_wrapper:fft_inst|fft:fft_1|fft_fft_ii_0:fft_ii_0|auk_dspip_r22sdf_top:auk_dspip_r22sdf_top_inst|auk_dspip_r22sdf_core:r22sdf_core_inst|auk_dspip_r22sdf_stage:\gen_natural_order_core:gen_stages:4:r22_stage|auk_dspip_r22sdf_bfi:\gen_bfi:bfi_inst|auk_dspip_r22sdf_addsub:in_imag_comp_inst                                                                                                                                                                                                    ;
;                                     |lpm_add_sub:\gen_fixed:lpm_add_sub_component                                    ; 0.00 mW (0.00 mW)                    ; 0.00 mW (0.00 mW)               ; --                                ; 0.00 mW (0.00 mW)                 ; |GaussianMixtureModel|fft_wrapper:fft_inst|fft:fft_1|fft_fft_ii_0:fft_ii_0|auk_dspip_r22sdf_top:auk_dspip_r22sdf_top_inst|auk_dspip_r22sdf_core:r22sdf_core_inst|auk_dspip_r22sdf_stage:\gen_natural_order_core:gen_stages:4:r22_stage|auk_dspip_r22sdf_bfi:\gen_bfi:bfi_inst|auk_dspip_r22sdf_addsub:in_imag_comp_inst|lpm_add_sub:\gen_fixed:lpm_add_sub_component                                                                                                                                                       ;
;                                         |add_sub_7pi:auto_generated                                                  ; 0.00 mW (0.00 mW)                    ; 0.00 mW (0.00 mW)               ; --                                ; 0.00 mW (0.00 mW)                 ; |GaussianMixtureModel|fft_wrapper:fft_inst|fft:fft_1|fft_fft_ii_0:fft_ii_0|auk_dspip_r22sdf_top:auk_dspip_r22sdf_top_inst|auk_dspip_r22sdf_core:r22sdf_core_inst|auk_dspip_r22sdf_stage:\gen_natural_order_core:gen_stages:4:r22_stage|auk_dspip_r22sdf_bfi:\gen_bfi:bfi_inst|auk_dspip_r22sdf_addsub:in_imag_comp_inst|lpm_add_sub:\gen_fixed:lpm_add_sub_component|add_sub_7pi:auto_generated                                                                                                                            ;
;                                 |auk_dspip_r22sdf_addsub:in_real_comp_inst                                           ; 0.00 mW (0.00 mW)                    ; 0.00 mW (0.00 mW)               ; --                                ; 0.00 mW (0.00 mW)                 ; |GaussianMixtureModel|fft_wrapper:fft_inst|fft:fft_1|fft_fft_ii_0:fft_ii_0|auk_dspip_r22sdf_top:auk_dspip_r22sdf_top_inst|auk_dspip_r22sdf_core:r22sdf_core_inst|auk_dspip_r22sdf_stage:\gen_natural_order_core:gen_stages:4:r22_stage|auk_dspip_r22sdf_bfi:\gen_bfi:bfi_inst|auk_dspip_r22sdf_addsub:in_real_comp_inst                                                                                                                                                                                                    ;
;                                     |lpm_add_sub:\gen_fixed:lpm_add_sub_component                                    ; 0.00 mW (0.00 mW)                    ; 0.00 mW (0.00 mW)               ; --                                ; 0.00 mW (0.00 mW)                 ; |GaussianMixtureModel|fft_wrapper:fft_inst|fft:fft_1|fft_fft_ii_0:fft_ii_0|auk_dspip_r22sdf_top:auk_dspip_r22sdf_top_inst|auk_dspip_r22sdf_core:r22sdf_core_inst|auk_dspip_r22sdf_stage:\gen_natural_order_core:gen_stages:4:r22_stage|auk_dspip_r22sdf_bfi:\gen_bfi:bfi_inst|auk_dspip_r22sdf_addsub:in_real_comp_inst|lpm_add_sub:\gen_fixed:lpm_add_sub_component                                                                                                                                                       ;
;                                         |add_sub_7pi:auto_generated                                                  ; 0.00 mW (0.00 mW)                    ; 0.00 mW (0.00 mW)               ; --                                ; 0.00 mW (0.00 mW)                 ; |GaussianMixtureModel|fft_wrapper:fft_inst|fft:fft_1|fft_fft_ii_0:fft_ii_0|auk_dspip_r22sdf_top:auk_dspip_r22sdf_top_inst|auk_dspip_r22sdf_core:r22sdf_core_inst|auk_dspip_r22sdf_stage:\gen_natural_order_core:gen_stages:4:r22_stage|auk_dspip_r22sdf_bfi:\gen_bfi:bfi_inst|auk_dspip_r22sdf_addsub:in_real_comp_inst|lpm_add_sub:\gen_fixed:lpm_add_sub_component|add_sub_7pi:auto_generated                                                                                                                            ;
;                             |auk_dspip_r22sdf_bfii:\gen_bfii:bfii_inst                                               ; 0.00 mW (0.00 mW)                    ; 0.00 mW (0.00 mW)               ; --                                ; 0.00 mW (0.00 mW)                 ; |GaussianMixtureModel|fft_wrapper:fft_inst|fft:fft_1|fft_fft_ii_0:fft_ii_0|auk_dspip_r22sdf_top:auk_dspip_r22sdf_top_inst|auk_dspip_r22sdf_core:r22sdf_core_inst|auk_dspip_r22sdf_stage:\gen_natural_order_core:gen_stages:4:r22_stage|auk_dspip_r22sdf_bfii:\gen_bfii:bfii_inst                                                                                                                                                                                                                                           ;
;                                 |auk_dspip_r22sdf_bf_control:bf_control_inst                                         ; 0.00 mW (0.00 mW)                    ; 0.00 mW (0.00 mW)               ; --                                ; 0.00 mW (0.00 mW)                 ; |GaussianMixtureModel|fft_wrapper:fft_inst|fft:fft_1|fft_fft_ii_0:fft_ii_0|auk_dspip_r22sdf_top:auk_dspip_r22sdf_top_inst|auk_dspip_r22sdf_core:r22sdf_core_inst|auk_dspip_r22sdf_stage:\gen_natural_order_core:gen_stages:4:r22_stage|auk_dspip_r22sdf_bfii:\gen_bfii:bfii_inst|auk_dspip_r22sdf_bf_control:bf_control_inst                                                                                                                                                                                               ;
;                                     |auk_dspip_r22sdf_counter:bf_counter_inst                                        ; 0.00 mW (0.00 mW)                    ; 0.00 mW (0.00 mW)               ; --                                ; 0.00 mW (0.00 mW)                 ; |GaussianMixtureModel|fft_wrapper:fft_inst|fft:fft_1|fft_fft_ii_0:fft_ii_0|auk_dspip_r22sdf_top:auk_dspip_r22sdf_top_inst|auk_dspip_r22sdf_core:r22sdf_core_inst|auk_dspip_r22sdf_stage:\gen_natural_order_core:gen_stages:4:r22_stage|auk_dspip_r22sdf_bfii:\gen_bfii:bfii_inst|auk_dspip_r22sdf_bf_control:bf_control_inst|auk_dspip_r22sdf_counter:bf_counter_inst                                                                                                                                                      ;
;                                 |auk_dspip_r22sdf_addsub:del_in_imag_comp_inst                                       ; 0.00 mW (0.00 mW)                    ; 0.00 mW (0.00 mW)               ; --                                ; 0.00 mW (0.00 mW)                 ; |GaussianMixtureModel|fft_wrapper:fft_inst|fft:fft_1|fft_fft_ii_0:fft_ii_0|auk_dspip_r22sdf_top:auk_dspip_r22sdf_top_inst|auk_dspip_r22sdf_core:r22sdf_core_inst|auk_dspip_r22sdf_stage:\gen_natural_order_core:gen_stages:4:r22_stage|auk_dspip_r22sdf_bfii:\gen_bfii:bfii_inst|auk_dspip_r22sdf_addsub:del_in_imag_comp_inst                                                                                                                                                                                             ;
;                                     |lpm_add_sub:\gen_fixed:lpm_add_sub_component                                    ; 0.00 mW (0.00 mW)                    ; 0.00 mW (0.00 mW)               ; --                                ; 0.00 mW (0.00 mW)                 ; |GaussianMixtureModel|fft_wrapper:fft_inst|fft:fft_1|fft_fft_ii_0:fft_ii_0|auk_dspip_r22sdf_top:auk_dspip_r22sdf_top_inst|auk_dspip_r22sdf_core:r22sdf_core_inst|auk_dspip_r22sdf_stage:\gen_natural_order_core:gen_stages:4:r22_stage|auk_dspip_r22sdf_bfii:\gen_bfii:bfii_inst|auk_dspip_r22sdf_addsub:del_in_imag_comp_inst|lpm_add_sub:\gen_fixed:lpm_add_sub_component                                                                                                                                                ;
;                                         |add_sub_8pi:auto_generated                                                  ; 0.00 mW (0.00 mW)                    ; 0.00 mW (0.00 mW)               ; --                                ; 0.00 mW (0.00 mW)                 ; |GaussianMixtureModel|fft_wrapper:fft_inst|fft:fft_1|fft_fft_ii_0:fft_ii_0|auk_dspip_r22sdf_top:auk_dspip_r22sdf_top_inst|auk_dspip_r22sdf_core:r22sdf_core_inst|auk_dspip_r22sdf_stage:\gen_natural_order_core:gen_stages:4:r22_stage|auk_dspip_r22sdf_bfii:\gen_bfii:bfii_inst|auk_dspip_r22sdf_addsub:del_in_imag_comp_inst|lpm_add_sub:\gen_fixed:lpm_add_sub_component|add_sub_8pi:auto_generated                                                                                                                     ;
;                                 |auk_dspip_r22sdf_addsub:del_in_real_comp_inst                                       ; 0.00 mW (0.00 mW)                    ; 0.00 mW (0.00 mW)               ; --                                ; 0.00 mW (0.00 mW)                 ; |GaussianMixtureModel|fft_wrapper:fft_inst|fft:fft_1|fft_fft_ii_0:fft_ii_0|auk_dspip_r22sdf_top:auk_dspip_r22sdf_top_inst|auk_dspip_r22sdf_core:r22sdf_core_inst|auk_dspip_r22sdf_stage:\gen_natural_order_core:gen_stages:4:r22_stage|auk_dspip_r22sdf_bfii:\gen_bfii:bfii_inst|auk_dspip_r22sdf_addsub:del_in_real_comp_inst                                                                                                                                                                                             ;
;                                     |lpm_add_sub:\gen_fixed:lpm_add_sub_component                                    ; 0.00 mW (0.00 mW)                    ; 0.00 mW (0.00 mW)               ; --                                ; 0.00 mW (0.00 mW)                 ; |GaussianMixtureModel|fft_wrapper:fft_inst|fft:fft_1|fft_fft_ii_0:fft_ii_0|auk_dspip_r22sdf_top:auk_dspip_r22sdf_top_inst|auk_dspip_r22sdf_core:r22sdf_core_inst|auk_dspip_r22sdf_stage:\gen_natural_order_core:gen_stages:4:r22_stage|auk_dspip_r22sdf_bfii:\gen_bfii:bfii_inst|auk_dspip_r22sdf_addsub:del_in_real_comp_inst|lpm_add_sub:\gen_fixed:lpm_add_sub_component                                                                                                                                                ;
;                                         |add_sub_8pi:auto_generated                                                  ; 0.00 mW (0.00 mW)                    ; 0.00 mW (0.00 mW)               ; --                                ; 0.00 mW (0.00 mW)                 ; |GaussianMixtureModel|fft_wrapper:fft_inst|fft:fft_1|fft_fft_ii_0:fft_ii_0|auk_dspip_r22sdf_top:auk_dspip_r22sdf_top_inst|auk_dspip_r22sdf_core:r22sdf_core_inst|auk_dspip_r22sdf_stage:\gen_natural_order_core:gen_stages:4:r22_stage|auk_dspip_r22sdf_bfii:\gen_bfii:bfii_inst|auk_dspip_r22sdf_addsub:del_in_real_comp_inst|lpm_add_sub:\gen_fixed:lpm_add_sub_component|add_sub_8pi:auto_generated                                                                                                                     ;
;                                 |auk_dspip_r22sdf_addsub:in_imag_comp_inst                                           ; 0.00 mW (0.00 mW)                    ; 0.00 mW (0.00 mW)               ; --                                ; 0.00 mW (0.00 mW)                 ; |GaussianMixtureModel|fft_wrapper:fft_inst|fft:fft_1|fft_fft_ii_0:fft_ii_0|auk_dspip_r22sdf_top:auk_dspip_r22sdf_top_inst|auk_dspip_r22sdf_core:r22sdf_core_inst|auk_dspip_r22sdf_stage:\gen_natural_order_core:gen_stages:4:r22_stage|auk_dspip_r22sdf_bfii:\gen_bfii:bfii_inst|auk_dspip_r22sdf_addsub:in_imag_comp_inst                                                                                                                                                                                                 ;
;                                     |lpm_add_sub:\gen_fixed:lpm_add_sub_component                                    ; 0.00 mW (0.00 mW)                    ; 0.00 mW (0.00 mW)               ; --                                ; 0.00 mW (0.00 mW)                 ; |GaussianMixtureModel|fft_wrapper:fft_inst|fft:fft_1|fft_fft_ii_0:fft_ii_0|auk_dspip_r22sdf_top:auk_dspip_r22sdf_top_inst|auk_dspip_r22sdf_core:r22sdf_core_inst|auk_dspip_r22sdf_stage:\gen_natural_order_core:gen_stages:4:r22_stage|auk_dspip_r22sdf_bfii:\gen_bfii:bfii_inst|auk_dspip_r22sdf_addsub:in_imag_comp_inst|lpm_add_sub:\gen_fixed:lpm_add_sub_component                                                                                                                                                    ;
;                                         |add_sub_8pi:auto_generated                                                  ; 0.00 mW (0.00 mW)                    ; 0.00 mW (0.00 mW)               ; --                                ; 0.00 mW (0.00 mW)                 ; |GaussianMixtureModel|fft_wrapper:fft_inst|fft:fft_1|fft_fft_ii_0:fft_ii_0|auk_dspip_r22sdf_top:auk_dspip_r22sdf_top_inst|auk_dspip_r22sdf_core:r22sdf_core_inst|auk_dspip_r22sdf_stage:\gen_natural_order_core:gen_stages:4:r22_stage|auk_dspip_r22sdf_bfii:\gen_bfii:bfii_inst|auk_dspip_r22sdf_addsub:in_imag_comp_inst|lpm_add_sub:\gen_fixed:lpm_add_sub_component|add_sub_8pi:auto_generated                                                                                                                         ;
;                                 |auk_dspip_r22sdf_addsub:in_real_comp_inst                                           ; 0.00 mW (0.00 mW)                    ; 0.00 mW (0.00 mW)               ; --                                ; 0.00 mW (0.00 mW)                 ; |GaussianMixtureModel|fft_wrapper:fft_inst|fft:fft_1|fft_fft_ii_0:fft_ii_0|auk_dspip_r22sdf_top:auk_dspip_r22sdf_top_inst|auk_dspip_r22sdf_core:r22sdf_core_inst|auk_dspip_r22sdf_stage:\gen_natural_order_core:gen_stages:4:r22_stage|auk_dspip_r22sdf_bfii:\gen_bfii:bfii_inst|auk_dspip_r22sdf_addsub:in_real_comp_inst                                                                                                                                                                                                 ;
;                                     |lpm_add_sub:\gen_fixed:lpm_add_sub_component                                    ; 0.00 mW (0.00 mW)                    ; 0.00 mW (0.00 mW)               ; --                                ; 0.00 mW (0.00 mW)                 ; |GaussianMixtureModel|fft_wrapper:fft_inst|fft:fft_1|fft_fft_ii_0:fft_ii_0|auk_dspip_r22sdf_top:auk_dspip_r22sdf_top_inst|auk_dspip_r22sdf_core:r22sdf_core_inst|auk_dspip_r22sdf_stage:\gen_natural_order_core:gen_stages:4:r22_stage|auk_dspip_r22sdf_bfii:\gen_bfii:bfii_inst|auk_dspip_r22sdf_addsub:in_real_comp_inst|lpm_add_sub:\gen_fixed:lpm_add_sub_component                                                                                                                                                    ;
;                                         |add_sub_8pi:auto_generated                                                  ; 0.00 mW (0.00 mW)                    ; 0.00 mW (0.00 mW)               ; --                                ; 0.00 mW (0.00 mW)                 ; |GaussianMixtureModel|fft_wrapper:fft_inst|fft:fft_1|fft_fft_ii_0:fft_ii_0|auk_dspip_r22sdf_top:auk_dspip_r22sdf_top_inst|auk_dspip_r22sdf_core:r22sdf_core_inst|auk_dspip_r22sdf_stage:\gen_natural_order_core:gen_stages:4:r22_stage|auk_dspip_r22sdf_bfii:\gen_bfii:bfii_inst|auk_dspip_r22sdf_addsub:in_real_comp_inst|lpm_add_sub:\gen_fixed:lpm_add_sub_component|add_sub_8pi:auto_generated                                                                                                                         ;
;                             |auk_dspip_r22sdf_cma:\gen_cma:cma_fixedpt:cma_inst                                      ; 0.00 mW (0.00 mW)                    ; 0.00 mW (0.00 mW)               ; --                                ; 0.00 mW (0.00 mW)                 ; |GaussianMixtureModel|fft_wrapper:fft_inst|fft:fft_1|fft_fft_ii_0:fft_ii_0|auk_dspip_r22sdf_top:auk_dspip_r22sdf_top_inst|auk_dspip_r22sdf_core:r22sdf_core_inst|auk_dspip_r22sdf_stage:\gen_natural_order_core:gen_stages:4:r22_stage|auk_dspip_r22sdf_cma:\gen_cma:cma_fixedpt:cma_inst                                                                                                                                                                                                                                  ;
;                                 |auk_dspip_roundsat:\NONA10_C_Mult_Archs:gen_large_mult1:round_imag                  ; 0.00 mW (0.00 mW)                    ; 0.00 mW (0.00 mW)               ; --                                ; 0.00 mW (0.00 mW)                 ; |GaussianMixtureModel|fft_wrapper:fft_inst|fft:fft_1|fft_fft_ii_0:fft_ii_0|auk_dspip_r22sdf_top:auk_dspip_r22sdf_top_inst|auk_dspip_r22sdf_core:r22sdf_core_inst|auk_dspip_r22sdf_stage:\gen_natural_order_core:gen_stages:4:r22_stage|auk_dspip_r22sdf_cma:\gen_cma:cma_fixedpt:cma_inst|auk_dspip_roundsat:\NONA10_C_Mult_Archs:gen_large_mult1:round_imag                                                                                                                                                               ;
;                                 |auk_dspip_roundsat:\NONA10_C_Mult_Archs:gen_large_mult1:round_real                  ; 0.00 mW (0.00 mW)                    ; 0.00 mW (0.00 mW)               ; --                                ; 0.00 mW (0.00 mW)                 ; |GaussianMixtureModel|fft_wrapper:fft_inst|fft:fft_1|fft_fft_ii_0:fft_ii_0|auk_dspip_r22sdf_top:auk_dspip_r22sdf_top_inst|auk_dspip_r22sdf_core:r22sdf_core_inst|auk_dspip_r22sdf_stage:\gen_natural_order_core:gen_stages:4:r22_stage|auk_dspip_r22sdf_cma:\gen_cma:cma_fixedpt:cma_inst|auk_dspip_roundsat:\NONA10_C_Mult_Archs:gen_large_mult1:round_real                                                                                                                                                               ;
;                                 |auk_dspip_r22sdf_counter:bf_counter_inst                                            ; 0.00 mW (0.00 mW)                    ; 0.00 mW (0.00 mW)               ; --                                ; 0.00 mW (0.00 mW)                 ; |GaussianMixtureModel|fft_wrapper:fft_inst|fft:fft_1|fft_fft_ii_0:fft_ii_0|auk_dspip_r22sdf_top:auk_dspip_r22sdf_top_inst|auk_dspip_r22sdf_core:r22sdf_core_inst|auk_dspip_r22sdf_stage:\gen_natural_order_core:gen_stages:4:r22_stage|auk_dspip_r22sdf_cma:\gen_cma:cma_fixedpt:cma_inst|auk_dspip_r22sdf_counter:bf_counter_inst                                                                                                                                                                                         ;
;                                 |lpm_mult:Mult0                                                                      ; 0.00 mW (0.00 mW)                    ; 0.00 mW (0.00 mW)               ; --                                ; 0.00 mW (0.00 mW)                 ; |GaussianMixtureModel|fft_wrapper:fft_inst|fft:fft_1|fft_fft_ii_0:fft_ii_0|auk_dspip_r22sdf_top:auk_dspip_r22sdf_top_inst|auk_dspip_r22sdf_core:r22sdf_core_inst|auk_dspip_r22sdf_stage:\gen_natural_order_core:gen_stages:4:r22_stage|auk_dspip_r22sdf_cma:\gen_cma:cma_fixedpt:cma_inst|lpm_mult:Mult0                                                                                                                                                                                                                   ;
;                                     |mult_sgs:auto_generated                                                         ; 0.00 mW (0.00 mW)                    ; 0.00 mW (0.00 mW)               ; --                                ; 0.00 mW (0.00 mW)                 ; |GaussianMixtureModel|fft_wrapper:fft_inst|fft:fft_1|fft_fft_ii_0:fft_ii_0|auk_dspip_r22sdf_top:auk_dspip_r22sdf_top_inst|auk_dspip_r22sdf_core:r22sdf_core_inst|auk_dspip_r22sdf_stage:\gen_natural_order_core:gen_stages:4:r22_stage|auk_dspip_r22sdf_cma:\gen_cma:cma_fixedpt:cma_inst|lpm_mult:Mult0|mult_sgs:auto_generated                                                                                                                                                                                           ;
;                                 |lpm_mult:Mult1                                                                      ; 0.00 mW (0.00 mW)                    ; 0.00 mW (0.00 mW)               ; --                                ; 0.00 mW (0.00 mW)                 ; |GaussianMixtureModel|fft_wrapper:fft_inst|fft:fft_1|fft_fft_ii_0:fft_ii_0|auk_dspip_r22sdf_top:auk_dspip_r22sdf_top_inst|auk_dspip_r22sdf_core:r22sdf_core_inst|auk_dspip_r22sdf_stage:\gen_natural_order_core:gen_stages:4:r22_stage|auk_dspip_r22sdf_cma:\gen_cma:cma_fixedpt:cma_inst|lpm_mult:Mult1                                                                                                                                                                                                                   ;
;                                     |mult_sgs:auto_generated                                                         ; 0.00 mW (0.00 mW)                    ; 0.00 mW (0.00 mW)               ; --                                ; 0.00 mW (0.00 mW)                 ; |GaussianMixtureModel|fft_wrapper:fft_inst|fft:fft_1|fft_fft_ii_0:fft_ii_0|auk_dspip_r22sdf_top:auk_dspip_r22sdf_top_inst|auk_dspip_r22sdf_core:r22sdf_core_inst|auk_dspip_r22sdf_stage:\gen_natural_order_core:gen_stages:4:r22_stage|auk_dspip_r22sdf_cma:\gen_cma:cma_fixedpt:cma_inst|lpm_mult:Mult1|mult_sgs:auto_generated                                                                                                                                                                                           ;
;                                 |lpm_mult:Mult2                                                                      ; 0.00 mW (0.00 mW)                    ; 0.00 mW (0.00 mW)               ; --                                ; 0.00 mW (0.00 mW)                 ; |GaussianMixtureModel|fft_wrapper:fft_inst|fft:fft_1|fft_fft_ii_0:fft_ii_0|auk_dspip_r22sdf_top:auk_dspip_r22sdf_top_inst|auk_dspip_r22sdf_core:r22sdf_core_inst|auk_dspip_r22sdf_stage:\gen_natural_order_core:gen_stages:4:r22_stage|auk_dspip_r22sdf_cma:\gen_cma:cma_fixedpt:cma_inst|lpm_mult:Mult2                                                                                                                                                                                                                   ;
;                                     |mult_sgs:auto_generated                                                         ; 0.00 mW (0.00 mW)                    ; 0.00 mW (0.00 mW)               ; --                                ; 0.00 mW (0.00 mW)                 ; |GaussianMixtureModel|fft_wrapper:fft_inst|fft:fft_1|fft_fft_ii_0:fft_ii_0|auk_dspip_r22sdf_top:auk_dspip_r22sdf_top_inst|auk_dspip_r22sdf_core:r22sdf_core_inst|auk_dspip_r22sdf_stage:\gen_natural_order_core:gen_stages:4:r22_stage|auk_dspip_r22sdf_cma:\gen_cma:cma_fixedpt:cma_inst|lpm_mult:Mult2|mult_sgs:auto_generated                                                                                                                                                                                           ;
;                                 |lpm_mult:Mult3                                                                      ; 0.00 mW (0.00 mW)                    ; 0.00 mW (0.00 mW)               ; --                                ; 0.00 mW (0.00 mW)                 ; |GaussianMixtureModel|fft_wrapper:fft_inst|fft:fft_1|fft_fft_ii_0:fft_ii_0|auk_dspip_r22sdf_top:auk_dspip_r22sdf_top_inst|auk_dspip_r22sdf_core:r22sdf_core_inst|auk_dspip_r22sdf_stage:\gen_natural_order_core:gen_stages:4:r22_stage|auk_dspip_r22sdf_cma:\gen_cma:cma_fixedpt:cma_inst|lpm_mult:Mult3                                                                                                                                                                                                                   ;
;                                     |mult_sgs:auto_generated                                                         ; 0.00 mW (0.00 mW)                    ; 0.00 mW (0.00 mW)               ; --                                ; 0.00 mW (0.00 mW)                 ; |GaussianMixtureModel|fft_wrapper:fft_inst|fft:fft_1|fft_fft_ii_0:fft_ii_0|auk_dspip_r22sdf_top:auk_dspip_r22sdf_top_inst|auk_dspip_r22sdf_core:r22sdf_core_inst|auk_dspip_r22sdf_stage:\gen_natural_order_core:gen_stages:4:r22_stage|auk_dspip_r22sdf_cma:\gen_cma:cma_fixedpt:cma_inst|lpm_mult:Mult3|mult_sgs:auto_generated                                                                                                                                                                                           ;
;                                 |lpm_mult:Mult4                                                                      ; 0.00 mW (0.00 mW)                    ; 0.00 mW (0.00 mW)               ; --                                ; 0.00 mW (0.00 mW)                 ; |GaussianMixtureModel|fft_wrapper:fft_inst|fft:fft_1|fft_fft_ii_0:fft_ii_0|auk_dspip_r22sdf_top:auk_dspip_r22sdf_top_inst|auk_dspip_r22sdf_core:r22sdf_core_inst|auk_dspip_r22sdf_stage:\gen_natural_order_core:gen_stages:4:r22_stage|auk_dspip_r22sdf_cma:\gen_cma:cma_fixedpt:cma_inst|lpm_mult:Mult4                                                                                                                                                                                                                   ;
;                                     |mult_sgs:auto_generated                                                         ; 0.00 mW (0.00 mW)                    ; 0.00 mW (0.00 mW)               ; --                                ; 0.00 mW (0.00 mW)                 ; |GaussianMixtureModel|fft_wrapper:fft_inst|fft:fft_1|fft_fft_ii_0:fft_ii_0|auk_dspip_r22sdf_top:auk_dspip_r22sdf_top_inst|auk_dspip_r22sdf_core:r22sdf_core_inst|auk_dspip_r22sdf_stage:\gen_natural_order_core:gen_stages:4:r22_stage|auk_dspip_r22sdf_cma:\gen_cma:cma_fixedpt:cma_inst|lpm_mult:Mult4|mult_sgs:auto_generated                                                                                                                                                                                           ;
;                                 |lpm_mult:Mult5                                                                      ; 0.00 mW (0.00 mW)                    ; 0.00 mW (0.00 mW)               ; --                                ; 0.00 mW (0.00 mW)                 ; |GaussianMixtureModel|fft_wrapper:fft_inst|fft:fft_1|fft_fft_ii_0:fft_ii_0|auk_dspip_r22sdf_top:auk_dspip_r22sdf_top_inst|auk_dspip_r22sdf_core:r22sdf_core_inst|auk_dspip_r22sdf_stage:\gen_natural_order_core:gen_stages:4:r22_stage|auk_dspip_r22sdf_cma:\gen_cma:cma_fixedpt:cma_inst|lpm_mult:Mult5                                                                                                                                                                                                                   ;
;                                     |mult_sgs:auto_generated                                                         ; 0.00 mW (0.00 mW)                    ; 0.00 mW (0.00 mW)               ; --                                ; 0.00 mW (0.00 mW)                 ; |GaussianMixtureModel|fft_wrapper:fft_inst|fft:fft_1|fft_fft_ii_0:fft_ii_0|auk_dspip_r22sdf_top:auk_dspip_r22sdf_top_inst|auk_dspip_r22sdf_core:r22sdf_core_inst|auk_dspip_r22sdf_stage:\gen_natural_order_core:gen_stages:4:r22_stage|auk_dspip_r22sdf_cma:\gen_cma:cma_fixedpt:cma_inst|lpm_mult:Mult5|mult_sgs:auto_generated                                                                                                                                                                                           ;
;                                 |lpm_mult:Mult6                                                                      ; 0.00 mW (0.00 mW)                    ; 0.00 mW (0.00 mW)               ; --                                ; 0.00 mW (0.00 mW)                 ; |GaussianMixtureModel|fft_wrapper:fft_inst|fft:fft_1|fft_fft_ii_0:fft_ii_0|auk_dspip_r22sdf_top:auk_dspip_r22sdf_top_inst|auk_dspip_r22sdf_core:r22sdf_core_inst|auk_dspip_r22sdf_stage:\gen_natural_order_core:gen_stages:4:r22_stage|auk_dspip_r22sdf_cma:\gen_cma:cma_fixedpt:cma_inst|lpm_mult:Mult6                                                                                                                                                                                                                   ;
;                                     |mult_sgs:auto_generated                                                         ; 0.00 mW (0.00 mW)                    ; 0.00 mW (0.00 mW)               ; --                                ; 0.00 mW (0.00 mW)                 ; |GaussianMixtureModel|fft_wrapper:fft_inst|fft:fft_1|fft_fft_ii_0:fft_ii_0|auk_dspip_r22sdf_top:auk_dspip_r22sdf_top_inst|auk_dspip_r22sdf_core:r22sdf_core_inst|auk_dspip_r22sdf_stage:\gen_natural_order_core:gen_stages:4:r22_stage|auk_dspip_r22sdf_cma:\gen_cma:cma_fixedpt:cma_inst|lpm_mult:Mult6|mult_sgs:auto_generated                                                                                                                                                                                           ;
;                                 |lpm_mult:Mult7                                                                      ; 0.00 mW (0.00 mW)                    ; 0.00 mW (0.00 mW)               ; --                                ; 0.00 mW (0.00 mW)                 ; |GaussianMixtureModel|fft_wrapper:fft_inst|fft:fft_1|fft_fft_ii_0:fft_ii_0|auk_dspip_r22sdf_top:auk_dspip_r22sdf_top_inst|auk_dspip_r22sdf_core:r22sdf_core_inst|auk_dspip_r22sdf_stage:\gen_natural_order_core:gen_stages:4:r22_stage|auk_dspip_r22sdf_cma:\gen_cma:cma_fixedpt:cma_inst|lpm_mult:Mult7                                                                                                                                                                                                                   ;
;                                     |mult_sgs:auto_generated                                                         ; 0.00 mW (0.00 mW)                    ; 0.00 mW (0.00 mW)               ; --                                ; 0.00 mW (0.00 mW)                 ; |GaussianMixtureModel|fft_wrapper:fft_inst|fft:fft_1|fft_fft_ii_0:fft_ii_0|auk_dspip_r22sdf_top:auk_dspip_r22sdf_top_inst|auk_dspip_r22sdf_core:r22sdf_core_inst|auk_dspip_r22sdf_stage:\gen_natural_order_core:gen_stages:4:r22_stage|auk_dspip_r22sdf_cma:\gen_cma:cma_fixedpt:cma_inst|lpm_mult:Mult7|mult_sgs:auto_generated                                                                                                                                                                                           ;
;                         |auk_dspip_r22sdf_enable_control:ena_ctrl                                                    ; 0.00 mW (0.00 mW)                    ; 0.00 mW (0.00 mW)               ; --                                ; 0.00 mW (0.00 mW)                 ; |GaussianMixtureModel|fft_wrapper:fft_inst|fft:fft_1|fft_fft_ii_0:fft_ii_0|auk_dspip_r22sdf_top:auk_dspip_r22sdf_top_inst|auk_dspip_r22sdf_core:r22sdf_core_inst|auk_dspip_r22sdf_enable_control:ena_ctrl                                                                                                                                                                                                                                                                                                                  ;
;                     |auk_dspip_avalon_streaming_block_sink:sink_ctrl_inst                                            ; 0.00 mW (0.00 mW)                    ; 0.00 mW (0.00 mW)               ; --                                ; 0.00 mW (0.00 mW)                 ; |GaussianMixtureModel|fft_wrapper:fft_inst|fft:fft_1|fft_fft_ii_0:fft_ii_0|auk_dspip_r22sdf_top:auk_dspip_r22sdf_top_inst|auk_dspip_avalon_streaming_block_sink:sink_ctrl_inst                                                                                                                                                                                                                                                                                                                                             ;
;                         |scfifo:sink_FIFO                                                                            ; 0.00 mW (0.00 mW)                    ; 0.00 mW (0.00 mW)               ; --                                ; 0.00 mW (0.00 mW)                 ; |GaussianMixtureModel|fft_wrapper:fft_inst|fft:fft_1|fft_fft_ii_0:fft_ii_0|auk_dspip_r22sdf_top:auk_dspip_r22sdf_top_inst|auk_dspip_avalon_streaming_block_sink:sink_ctrl_inst|scfifo:sink_FIFO                                                                                                                                                                                                                                                                                                                            ;
;                             |scfifo_4q61:auto_generated                                                              ; 0.00 mW (0.00 mW)                    ; 0.00 mW (0.00 mW)               ; --                                ; 0.00 mW (0.00 mW)                 ; |GaussianMixtureModel|fft_wrapper:fft_inst|fft:fft_1|fft_fft_ii_0:fft_ii_0|auk_dspip_r22sdf_top:auk_dspip_r22sdf_top_inst|auk_dspip_avalon_streaming_block_sink:sink_ctrl_inst|scfifo:sink_FIFO|scfifo_4q61:auto_generated                                                                                                                                                                                                                                                                                                 ;
;                                 |a_dpfifo_h3v:dpfifo                                                                 ; 0.00 mW (0.00 mW)                    ; 0.00 mW (0.00 mW)               ; --                                ; 0.00 mW (0.00 mW)                 ; |GaussianMixtureModel|fft_wrapper:fft_inst|fft:fft_1|fft_fft_ii_0:fft_ii_0|auk_dspip_r22sdf_top:auk_dspip_r22sdf_top_inst|auk_dspip_avalon_streaming_block_sink:sink_ctrl_inst|scfifo:sink_FIFO|scfifo_4q61:auto_generated|a_dpfifo_h3v:dpfifo                                                                                                                                                                                                                                                                             ;
;                                     |altsyncram_9ig1:FIFOram                                                         ; 0.00 mW (0.00 mW)                    ; 0.00 mW (0.00 mW)               ; --                                ; 0.00 mW (0.00 mW)                 ; |GaussianMixtureModel|fft_wrapper:fft_inst|fft:fft_1|fft_fft_ii_0:fft_ii_0|auk_dspip_r22sdf_top:auk_dspip_r22sdf_top_inst|auk_dspip_avalon_streaming_block_sink:sink_ctrl_inst|scfifo:sink_FIFO|scfifo_4q61:auto_generated|a_dpfifo_h3v:dpfifo|altsyncram_9ig1:FIFOram                                                                                                                                                                                                                                                     ;
;                                     |cntr_hka:rd_ptr_msb                                                             ; 0.00 mW (0.00 mW)                    ; 0.00 mW (0.00 mW)               ; --                                ; 0.00 mW (0.00 mW)                 ; |GaussianMixtureModel|fft_wrapper:fft_inst|fft:fft_1|fft_fft_ii_0:fft_ii_0|auk_dspip_r22sdf_top:auk_dspip_r22sdf_top_inst|auk_dspip_avalon_streaming_block_sink:sink_ctrl_inst|scfifo:sink_FIFO|scfifo_4q61:auto_generated|a_dpfifo_h3v:dpfifo|cntr_hka:rd_ptr_msb                                                                                                                                                                                                                                                         ;
;                                     |cntr_uk6:usedw_counter                                                          ; 0.00 mW (0.00 mW)                    ; 0.00 mW (0.00 mW)               ; --                                ; 0.00 mW (0.00 mW)                 ; |GaussianMixtureModel|fft_wrapper:fft_inst|fft:fft_1|fft_fft_ii_0:fft_ii_0|auk_dspip_r22sdf_top:auk_dspip_r22sdf_top_inst|auk_dspip_avalon_streaming_block_sink:sink_ctrl_inst|scfifo:sink_FIFO|scfifo_4q61:auto_generated|a_dpfifo_h3v:dpfifo|cntr_uk6:usedw_counter                                                                                                                                                                                                                                                      ;
;                                     |cntr_ika:wr_ptr                                                                 ; 0.00 mW (0.00 mW)                    ; 0.00 mW (0.00 mW)               ; --                                ; 0.00 mW (0.00 mW)                 ; |GaussianMixtureModel|fft_wrapper:fft_inst|fft:fft_1|fft_fft_ii_0:fft_ii_0|auk_dspip_r22sdf_top:auk_dspip_r22sdf_top_inst|auk_dspip_avalon_streaming_block_sink:sink_ctrl_inst|scfifo:sink_FIFO|scfifo_4q61:auto_generated|a_dpfifo_h3v:dpfifo|cntr_ika:wr_ptr                                                                                                                                                                                                                                                             ;
;                     |auk_dspip_avalon_streaming_block_source:source_control_inst                                     ; 0.00 mW (0.00 mW)                    ; 0.00 mW (0.00 mW)               ; --                                ; 0.00 mW (0.00 mW)                 ; |GaussianMixtureModel|fft_wrapper:fft_inst|fft:fft_1|fft_fft_ii_0:fft_ii_0|auk_dspip_r22sdf_top:auk_dspip_r22sdf_top_inst|auk_dspip_avalon_streaming_block_source:source_control_inst                                                                                                                                                                                                                                                                                                                                      ;
;                         |counter_module:data_count_inst                                                              ; 0.00 mW (0.00 mW)                    ; 0.00 mW (0.00 mW)               ; --                                ; 0.00 mW (0.00 mW)                 ; |GaussianMixtureModel|fft_wrapper:fft_inst|fft:fft_1|fft_fft_ii_0:fft_ii_0|auk_dspip_r22sdf_top:auk_dspip_r22sdf_top_inst|auk_dspip_avalon_streaming_block_source:source_control_inst|counter_module:data_count_inst                                                                                                                                                                                                                                                                                                       ;
;                         |scfifo:source_FIFO                                                                          ; 0.00 mW (0.00 mW)                    ; 0.00 mW (0.00 mW)               ; --                                ; 0.00 mW (0.00 mW)                 ; |GaussianMixtureModel|fft_wrapper:fft_inst|fft:fft_1|fft_fft_ii_0:fft_ii_0|auk_dspip_r22sdf_top:auk_dspip_r22sdf_top_inst|auk_dspip_avalon_streaming_block_source:source_control_inst|scfifo:source_FIFO                                                                                                                                                                                                                                                                                                                   ;
;                             |scfifo_or61:auto_generated                                                              ; 0.00 mW (0.00 mW)                    ; 0.00 mW (0.00 mW)               ; --                                ; 0.00 mW (0.00 mW)                 ; |GaussianMixtureModel|fft_wrapper:fft_inst|fft:fft_1|fft_fft_ii_0:fft_ii_0|auk_dspip_r22sdf_top:auk_dspip_r22sdf_top_inst|auk_dspip_avalon_streaming_block_source:source_control_inst|scfifo:source_FIFO|scfifo_or61:auto_generated                                                                                                                                                                                                                                                                                        ;
;                                 |a_dpfifo_05v:dpfifo                                                                 ; 0.00 mW (0.00 mW)                    ; 0.00 mW (0.00 mW)               ; --                                ; 0.00 mW (0.00 mW)                 ; |GaussianMixtureModel|fft_wrapper:fft_inst|fft:fft_1|fft_fft_ii_0:fft_ii_0|auk_dspip_r22sdf_top:auk_dspip_r22sdf_top_inst|auk_dspip_avalon_streaming_block_source:source_control_inst|scfifo:source_FIFO|scfifo_or61:auto_generated|a_dpfifo_05v:dpfifo                                                                                                                                                                                                                                                                    ;
;                                     |altsyncram_5lg1:FIFOram                                                         ; 0.00 mW (0.00 mW)                    ; 0.00 mW (0.00 mW)               ; --                                ; 0.00 mW (0.00 mW)                 ; |GaussianMixtureModel|fft_wrapper:fft_inst|fft:fft_1|fft_fft_ii_0:fft_ii_0|auk_dspip_r22sdf_top:auk_dspip_r22sdf_top_inst|auk_dspip_avalon_streaming_block_source:source_control_inst|scfifo:source_FIFO|scfifo_or61:auto_generated|a_dpfifo_05v:dpfifo|altsyncram_5lg1:FIFOram                                                                                                                                                                                                                                            ;
;                                     |cntr_jka:rd_ptr_msb                                                             ; 0.00 mW (0.00 mW)                    ; 0.00 mW (0.00 mW)               ; --                                ; 0.00 mW (0.00 mW)                 ; |GaussianMixtureModel|fft_wrapper:fft_inst|fft:fft_1|fft_fft_ii_0:fft_ii_0|auk_dspip_r22sdf_top:auk_dspip_r22sdf_top_inst|auk_dspip_avalon_streaming_block_source:source_control_inst|scfifo:source_FIFO|scfifo_or61:auto_generated|a_dpfifo_05v:dpfifo|cntr_jka:rd_ptr_msb                                                                                                                                                                                                                                                ;
;                                     |cntr_0l6:usedw_counter                                                          ; 0.00 mW (0.00 mW)                    ; 0.00 mW (0.00 mW)               ; --                                ; 0.00 mW (0.00 mW)                 ; |GaussianMixtureModel|fft_wrapper:fft_inst|fft:fft_1|fft_fft_ii_0:fft_ii_0|auk_dspip_r22sdf_top:auk_dspip_r22sdf_top_inst|auk_dspip_avalon_streaming_block_source:source_control_inst|scfifo:source_FIFO|scfifo_or61:auto_generated|a_dpfifo_05v:dpfifo|cntr_0l6:usedw_counter                                                                                                                                                                                                                                             ;
;                                     |cntr_kka:wr_ptr                                                                 ; 0.00 mW (0.00 mW)                    ; 0.00 mW (0.00 mW)               ; --                                ; 0.00 mW (0.00 mW)                 ; |GaussianMixtureModel|fft_wrapper:fft_inst|fft:fft_1|fft_fft_ii_0:fft_ii_0|auk_dspip_r22sdf_top:auk_dspip_r22sdf_top_inst|auk_dspip_avalon_streaming_block_source:source_control_inst|scfifo:source_FIFO|scfifo_or61:auto_generated|a_dpfifo_05v:dpfifo|cntr_kka:wr_ptr                                                                                                                                                                                                                                                    ;
;     |fft_mag:fft_mag_inst                                                                                            ; 0.00 mW (0.00 mW)                    ; 0.00 mW (0.00 mW)               ; --                                ; 0.00 mW (0.00 mW)                 ; |GaussianMixtureModel|fft_mag:fft_mag_inst                                                                                                                                                                                                                                                                                                                                                                                                                                                                                 ;
;         |CORDIC_FFT:fft_mag_1                                                                                        ; 0.00 mW (0.00 mW)                    ; 0.00 mW (0.00 mW)               ; --                                ; 0.00 mW (0.00 mW)                 ; |GaussianMixtureModel|fft_mag:fft_mag_inst|CORDIC_FFT:fft_mag_1                                                                                                                                                                                                                                                                                                                                                                                                                                                            ;
;             |CORDIC_FFT_CORDIC_0:cordic_0                                                                            ; 0.00 mW (0.00 mW)                    ; 0.00 mW (0.00 mW)               ; --                                ; 0.00 mW (0.00 mW)                 ; |GaussianMixtureModel|fft_mag:fft_mag_inst|CORDIC_FFT:fft_mag_1|CORDIC_FFT_CORDIC_0:cordic_0                                                                                                                                                                                                                                                                                                                                                                                                                               ;
;                 |lpm_add_sub:Add34                                                                                   ; 0.00 mW (0.00 mW)                    ; 0.00 mW (0.00 mW)               ; --                                ; 0.00 mW (0.00 mW)                 ; |GaussianMixtureModel|fft_mag:fft_mag_inst|CORDIC_FFT:fft_mag_1|CORDIC_FFT_CORDIC_0:cordic_0|lpm_add_sub:Add34                                                                                                                                                                                                                                                                                                                                                                                                             ;
;                     |add_sub_6bi:auto_generated                                                                      ; 0.00 mW (0.00 mW)                    ; 0.00 mW (0.00 mW)               ; --                                ; 0.00 mW (0.00 mW)                 ; |GaussianMixtureModel|fft_mag:fft_mag_inst|CORDIC_FFT:fft_mag_1|CORDIC_FFT_CORDIC_0:cordic_0|lpm_add_sub:Add34|add_sub_6bi:auto_generated                                                                                                                                                                                                                                                                                                                                                                                  ;
;                 |lpm_add_sub:Add36                                                                                   ; 0.00 mW (0.00 mW)                    ; 0.00 mW (0.00 mW)               ; --                                ; 0.00 mW (0.00 mW)                 ; |GaussianMixtureModel|fft_mag:fft_mag_inst|CORDIC_FFT:fft_mag_1|CORDIC_FFT_CORDIC_0:cordic_0|lpm_add_sub:Add36                                                                                                                                                                                                                                                                                                                                                                                                             ;
;                     |add_sub_cbi:auto_generated                                                                      ; 0.00 mW (0.00 mW)                    ; 0.00 mW (0.00 mW)               ; --                                ; 0.00 mW (0.00 mW)                 ; |GaussianMixtureModel|fft_mag:fft_mag_inst|CORDIC_FFT:fft_mag_1|CORDIC_FFT_CORDIC_0:cordic_0|lpm_add_sub:Add36|add_sub_cbi:auto_generated                                                                                                                                                                                                                                                                                                                                                                                  ;
;                 |lpm_add_sub:Add42                                                                                   ; 0.00 mW (0.00 mW)                    ; 0.00 mW (0.00 mW)               ; --                                ; 0.00 mW (0.00 mW)                 ; |GaussianMixtureModel|fft_mag:fft_mag_inst|CORDIC_FFT:fft_mag_1|CORDIC_FFT_CORDIC_0:cordic_0|lpm_add_sub:Add42                                                                                                                                                                                                                                                                                                                                                                                                             ;
;                     |add_sub_6bi:auto_generated                                                                      ; 0.00 mW (0.00 mW)                    ; 0.00 mW (0.00 mW)               ; --                                ; 0.00 mW (0.00 mW)                 ; |GaussianMixtureModel|fft_mag:fft_mag_inst|CORDIC_FFT:fft_mag_1|CORDIC_FFT_CORDIC_0:cordic_0|lpm_add_sub:Add42|add_sub_6bi:auto_generated                                                                                                                                                                                                                                                                                                                                                                                  ;
;                 |lpm_add_sub:Add44                                                                                   ; 0.00 mW (0.00 mW)                    ; 0.00 mW (0.00 mW)               ; --                                ; 0.00 mW (0.00 mW)                 ; |GaussianMixtureModel|fft_mag:fft_mag_inst|CORDIC_FFT:fft_mag_1|CORDIC_FFT_CORDIC_0:cordic_0|lpm_add_sub:Add44                                                                                                                                                                                                                                                                                                                                                                                                             ;
;                     |add_sub_abi:auto_generated                                                                      ; 0.00 mW (0.00 mW)                    ; 0.00 mW (0.00 mW)               ; --                                ; 0.00 mW (0.00 mW)                 ; |GaussianMixtureModel|fft_mag:fft_mag_inst|CORDIC_FFT:fft_mag_1|CORDIC_FFT_CORDIC_0:cordic_0|lpm_add_sub:Add44|add_sub_abi:auto_generated                                                                                                                                                                                                                                                                                                                                                                                  ;
;                 |lpm_add_sub:Add46                                                                                   ; 0.00 mW (0.00 mW)                    ; 0.00 mW (0.00 mW)               ; --                                ; 0.00 mW (0.00 mW)                 ; |GaussianMixtureModel|fft_mag:fft_mag_inst|CORDIC_FFT:fft_mag_1|CORDIC_FFT_CORDIC_0:cordic_0|lpm_add_sub:Add46                                                                                                                                                                                                                                                                                                                                                                                                             ;
;                     |add_sub_bbi:auto_generated                                                                      ; 0.00 mW (0.00 mW)                    ; 0.00 mW (0.00 mW)               ; --                                ; 0.00 mW (0.00 mW)                 ; |GaussianMixtureModel|fft_mag:fft_mag_inst|CORDIC_FFT:fft_mag_1|CORDIC_FFT_CORDIC_0:cordic_0|lpm_add_sub:Add46|add_sub_bbi:auto_generated                                                                                                                                                                                                                                                                                                                                                                                  ;
;                 |lpm_add_sub:Add48                                                                                   ; 0.00 mW (0.00 mW)                    ; 0.00 mW (0.00 mW)               ; --                                ; 0.00 mW (0.00 mW)                 ; |GaussianMixtureModel|fft_mag:fft_mag_inst|CORDIC_FFT:fft_mag_1|CORDIC_FFT_CORDIC_0:cordic_0|lpm_add_sub:Add48                                                                                                                                                                                                                                                                                                                                                                                                             ;
;                     |add_sub_6bi:auto_generated                                                                      ; 0.00 mW (0.00 mW)                    ; 0.00 mW (0.00 mW)               ; --                                ; 0.00 mW (0.00 mW)                 ; |GaussianMixtureModel|fft_mag:fft_mag_inst|CORDIC_FFT:fft_mag_1|CORDIC_FFT_CORDIC_0:cordic_0|lpm_add_sub:Add48|add_sub_6bi:auto_generated                                                                                                                                                                                                                                                                                                                                                                                  ;
;                 |lpm_add_sub:Add54                                                                                   ; 0.00 mW (0.00 mW)                    ; 0.00 mW (0.00 mW)               ; --                                ; 0.00 mW (0.00 mW)                 ; |GaussianMixtureModel|fft_mag:fft_mag_inst|CORDIC_FFT:fft_mag_1|CORDIC_FFT_CORDIC_0:cordic_0|lpm_add_sub:Add54                                                                                                                                                                                                                                                                                                                                                                                                             ;
;                     |add_sub_uai:auto_generated                                                                      ; 0.00 mW (0.00 mW)                    ; 0.00 mW (0.00 mW)               ; --                                ; 0.00 mW (0.00 mW)                 ; |GaussianMixtureModel|fft_mag:fft_mag_inst|CORDIC_FFT:fft_mag_1|CORDIC_FFT_CORDIC_0:cordic_0|lpm_add_sub:Add54|add_sub_uai:auto_generated                                                                                                                                                                                                                                                                                                                                                                                  ;
;                 |lpm_add_sub:Add56                                                                                   ; 0.00 mW (0.00 mW)                    ; 0.00 mW (0.00 mW)               ; --                                ; 0.00 mW (0.00 mW)                 ; |GaussianMixtureModel|fft_mag:fft_mag_inst|CORDIC_FFT:fft_mag_1|CORDIC_FFT_CORDIC_0:cordic_0|lpm_add_sub:Add56                                                                                                                                                                                                                                                                                                                                                                                                             ;
;                     |add_sub_6bi:auto_generated                                                                      ; 0.00 mW (0.00 mW)                    ; 0.00 mW (0.00 mW)               ; --                                ; 0.00 mW (0.00 mW)                 ; |GaussianMixtureModel|fft_mag:fft_mag_inst|CORDIC_FFT:fft_mag_1|CORDIC_FFT_CORDIC_0:cordic_0|lpm_add_sub:Add56|add_sub_6bi:auto_generated                                                                                                                                                                                                                                                                                                                                                                                  ;
;                 |lpm_add_sub:Add58                                                                                   ; 0.00 mW (0.00 mW)                    ; 0.00 mW (0.00 mW)               ; --                                ; 0.00 mW (0.00 mW)                 ; |GaussianMixtureModel|fft_mag:fft_mag_inst|CORDIC_FFT:fft_mag_1|CORDIC_FFT_CORDIC_0:cordic_0|lpm_add_sub:Add58                                                                                                                                                                                                                                                                                                                                                                                                             ;
;                     |add_sub_6bi:auto_generated                                                                      ; 0.00 mW (0.00 mW)                    ; 0.00 mW (0.00 mW)               ; --                                ; 0.00 mW (0.00 mW)                 ; |GaussianMixtureModel|fft_mag:fft_mag_inst|CORDIC_FFT:fft_mag_1|CORDIC_FFT_CORDIC_0:cordic_0|lpm_add_sub:Add58|add_sub_6bi:auto_generated                                                                                                                                                                                                                                                                                                                                                                                  ;
;                 |lpm_add_sub:Add60                                                                                   ; 0.00 mW (0.00 mW)                    ; 0.00 mW (0.00 mW)               ; --                                ; 0.00 mW (0.00 mW)                 ; |GaussianMixtureModel|fft_mag:fft_mag_inst|CORDIC_FFT:fft_mag_1|CORDIC_FFT_CORDIC_0:cordic_0|lpm_add_sub:Add60                                                                                                                                                                                                                                                                                                                                                                                                             ;
;                     |add_sub_vai:auto_generated                                                                      ; 0.00 mW (0.00 mW)                    ; 0.00 mW (0.00 mW)               ; --                                ; 0.00 mW (0.00 mW)                 ; |GaussianMixtureModel|fft_mag:fft_mag_inst|CORDIC_FFT:fft_mag_1|CORDIC_FFT_CORDIC_0:cordic_0|lpm_add_sub:Add60|add_sub_vai:auto_generated                                                                                                                                                                                                                                                                                                                                                                                  ;
;                 |lpm_add_sub:Add66                                                                                   ; 0.00 mW (0.00 mW)                    ; 0.00 mW (0.00 mW)               ; --                                ; 0.00 mW (0.00 mW)                 ; |GaussianMixtureModel|fft_mag:fft_mag_inst|CORDIC_FFT:fft_mag_1|CORDIC_FFT_CORDIC_0:cordic_0|lpm_add_sub:Add66                                                                                                                                                                                                                                                                                                                                                                                                             ;
;                     |add_sub_6bi:auto_generated                                                                      ; 0.00 mW (0.00 mW)                    ; 0.00 mW (0.00 mW)               ; --                                ; 0.00 mW (0.00 mW)                 ; |GaussianMixtureModel|fft_mag:fft_mag_inst|CORDIC_FFT:fft_mag_1|CORDIC_FFT_CORDIC_0:cordic_0|lpm_add_sub:Add66|add_sub_6bi:auto_generated                                                                                                                                                                                                                                                                                                                                                                                  ;
;                 |lpm_add_sub:Add68                                                                                   ; 0.00 mW (0.00 mW)                    ; 0.00 mW (0.00 mW)               ; --                                ; 0.00 mW (0.00 mW)                 ; |GaussianMixtureModel|fft_mag:fft_mag_inst|CORDIC_FFT:fft_mag_1|CORDIC_FFT_CORDIC_0:cordic_0|lpm_add_sub:Add68                                                                                                                                                                                                                                                                                                                                                                                                             ;
;                     |add_sub_qai:auto_generated                                                                      ; 0.00 mW (0.00 mW)                    ; 0.00 mW (0.00 mW)               ; --                                ; 0.00 mW (0.00 mW)                 ; |GaussianMixtureModel|fft_mag:fft_mag_inst|CORDIC_FFT:fft_mag_1|CORDIC_FFT_CORDIC_0:cordic_0|lpm_add_sub:Add68|add_sub_qai:auto_generated                                                                                                                                                                                                                                                                                                                                                                                  ;
;                 |lpm_add_sub:Add70                                                                                   ; 0.00 mW (0.00 mW)                    ; 0.00 mW (0.00 mW)               ; --                                ; 0.00 mW (0.00 mW)                 ; |GaussianMixtureModel|fft_mag:fft_mag_inst|CORDIC_FFT:fft_mag_1|CORDIC_FFT_CORDIC_0:cordic_0|lpm_add_sub:Add70                                                                                                                                                                                                                                                                                                                                                                                                             ;
;                     |add_sub_rai:auto_generated                                                                      ; 0.00 mW (0.00 mW)                    ; 0.00 mW (0.00 mW)               ; --                                ; 0.00 mW (0.00 mW)                 ; |GaussianMixtureModel|fft_mag:fft_mag_inst|CORDIC_FFT:fft_mag_1|CORDIC_FFT_CORDIC_0:cordic_0|lpm_add_sub:Add70|add_sub_rai:auto_generated                                                                                                                                                                                                                                                                                                                                                                                  ;
;                 |lpm_add_sub:Add72                                                                                   ; 0.00 mW (0.00 mW)                    ; 0.00 mW (0.00 mW)               ; --                                ; 0.00 mW (0.00 mW)                 ; |GaussianMixtureModel|fft_mag:fft_mag_inst|CORDIC_FFT:fft_mag_1|CORDIC_FFT_CORDIC_0:cordic_0|lpm_add_sub:Add72                                                                                                                                                                                                                                                                                                                                                                                                             ;
;                     |add_sub_6bi:auto_generated                                                                      ; 0.00 mW (0.00 mW)                    ; 0.00 mW (0.00 mW)               ; --                                ; 0.00 mW (0.00 mW)                 ; |GaussianMixtureModel|fft_mag:fft_mag_inst|CORDIC_FFT:fft_mag_1|CORDIC_FFT_CORDIC_0:cordic_0|lpm_add_sub:Add72|add_sub_6bi:auto_generated                                                                                                                                                                                                                                                                                                                                                                                  ;
;                 |lpm_add_sub:Add78                                                                                   ; 0.00 mW (0.00 mW)                    ; 0.00 mW (0.00 mW)               ; --                                ; 0.00 mW (0.00 mW)                 ; |GaussianMixtureModel|fft_mag:fft_mag_inst|CORDIC_FFT:fft_mag_1|CORDIC_FFT_CORDIC_0:cordic_0|lpm_add_sub:Add78                                                                                                                                                                                                                                                                                                                                                                                                             ;
;                     |add_sub_kai:auto_generated                                                                      ; 0.00 mW (0.00 mW)                    ; 0.00 mW (0.00 mW)               ; --                                ; 0.00 mW (0.00 mW)                 ; |GaussianMixtureModel|fft_mag:fft_mag_inst|CORDIC_FFT:fft_mag_1|CORDIC_FFT_CORDIC_0:cordic_0|lpm_add_sub:Add78|add_sub_kai:auto_generated                                                                                                                                                                                                                                                                                                                                                                                  ;
;                 |lpm_add_sub:Add80                                                                                   ; 0.00 mW (0.00 mW)                    ; 0.00 mW (0.00 mW)               ; --                                ; 0.00 mW (0.00 mW)                 ; |GaussianMixtureModel|fft_mag:fft_mag_inst|CORDIC_FFT:fft_mag_1|CORDIC_FFT_CORDIC_0:cordic_0|lpm_add_sub:Add80                                                                                                                                                                                                                                                                                                                                                                                                             ;
;                     |add_sub_6bi:auto_generated                                                                      ; 0.00 mW (0.00 mW)                    ; 0.00 mW (0.00 mW)               ; --                                ; 0.00 mW (0.00 mW)                 ; |GaussianMixtureModel|fft_mag:fft_mag_inst|CORDIC_FFT:fft_mag_1|CORDIC_FFT_CORDIC_0:cordic_0|lpm_add_sub:Add80|add_sub_6bi:auto_generated                                                                                                                                                                                                                                                                                                                                                                                  ;
;                 |lpm_add_sub:Add82                                                                                   ; 0.00 mW (0.00 mW)                    ; 0.00 mW (0.00 mW)               ; --                                ; 0.00 mW (0.00 mW)                 ; |GaussianMixtureModel|fft_mag:fft_mag_inst|CORDIC_FFT:fft_mag_1|CORDIC_FFT_CORDIC_0:cordic_0|lpm_add_sub:Add82                                                                                                                                                                                                                                                                                                                                                                                                             ;
;                     |add_sub_6bi:auto_generated                                                                      ; 0.00 mW (0.00 mW)                    ; 0.00 mW (0.00 mW)               ; --                                ; 0.00 mW (0.00 mW)                 ; |GaussianMixtureModel|fft_mag:fft_mag_inst|CORDIC_FFT:fft_mag_1|CORDIC_FFT_CORDIC_0:cordic_0|lpm_add_sub:Add82|add_sub_6bi:auto_generated                                                                                                                                                                                                                                                                                                                                                                                  ;
;                 |lpm_add_sub:Add84                                                                                   ; 0.00 mW (0.00 mW)                    ; 0.00 mW (0.00 mW)               ; --                                ; 0.00 mW (0.00 mW)                 ; |GaussianMixtureModel|fft_mag:fft_mag_inst|CORDIC_FFT:fft_mag_1|CORDIC_FFT_CORDIC_0:cordic_0|lpm_add_sub:Add84                                                                                                                                                                                                                                                                                                                                                                                                             ;
;                     |add_sub_nai:auto_generated                                                                      ; 0.00 mW (0.00 mW)                    ; 0.00 mW (0.00 mW)               ; --                                ; 0.00 mW (0.00 mW)                 ; |GaussianMixtureModel|fft_mag:fft_mag_inst|CORDIC_FFT:fft_mag_1|CORDIC_FFT_CORDIC_0:cordic_0|lpm_add_sub:Add84|add_sub_nai:auto_generated                                                                                                                                                                                                                                                                                                                                                                                  ;
;                 |lpm_add_sub:Add90                                                                                   ; 0.00 mW (0.00 mW)                    ; 0.00 mW (0.00 mW)               ; --                                ; 0.00 mW (0.00 mW)                 ; |GaussianMixtureModel|fft_mag:fft_mag_inst|CORDIC_FFT:fft_mag_1|CORDIC_FFT_CORDIC_0:cordic_0|lpm_add_sub:Add90                                                                                                                                                                                                                                                                                                                                                                                                             ;
;                     |add_sub_6bi:auto_generated                                                                      ; 0.00 mW (0.00 mW)                    ; 0.00 mW (0.00 mW)               ; --                                ; 0.00 mW (0.00 mW)                 ; |GaussianMixtureModel|fft_mag:fft_mag_inst|CORDIC_FFT:fft_mag_1|CORDIC_FFT_CORDIC_0:cordic_0|lpm_add_sub:Add90|add_sub_6bi:auto_generated                                                                                                                                                                                                                                                                                                                                                                                  ;
;                 |lpm_add_sub:Add92                                                                                   ; 0.00 mW (0.00 mW)                    ; 0.00 mW (0.00 mW)               ; --                                ; 0.00 mW (0.00 mW)                 ; |GaussianMixtureModel|fft_mag:fft_mag_inst|CORDIC_FFT:fft_mag_1|CORDIC_FFT_CORDIC_0:cordic_0|lpm_add_sub:Add92                                                                                                                                                                                                                                                                                                                                                                                                             ;
;                     |add_sub_pai:auto_generated                                                                      ; 0.00 mW (0.00 mW)                    ; 0.00 mW (0.00 mW)               ; --                                ; 0.00 mW (0.00 mW)                 ; |GaussianMixtureModel|fft_mag:fft_mag_inst|CORDIC_FFT:fft_mag_1|CORDIC_FFT_CORDIC_0:cordic_0|lpm_add_sub:Add92|add_sub_pai:auto_generated                                                                                                                                                                                                                                                                                                                                                                                  ;
;                 |lpm_add_sub:Add94                                                                                   ; 0.00 mW (0.00 mW)                    ; 0.00 mW (0.00 mW)               ; --                                ; 0.00 mW (0.00 mW)                 ; |GaussianMixtureModel|fft_mag:fft_mag_inst|CORDIC_FFT:fft_mag_1|CORDIC_FFT_CORDIC_0:cordic_0|lpm_add_sub:Add94                                                                                                                                                                                                                                                                                                                                                                                                             ;
;                     |add_sub_7bi:auto_generated                                                                      ; 0.00 mW (0.00 mW)                    ; 0.00 mW (0.00 mW)               ; --                                ; 0.00 mW (0.00 mW)                 ; |GaussianMixtureModel|fft_mag:fft_mag_inst|CORDIC_FFT:fft_mag_1|CORDIC_FFT_CORDIC_0:cordic_0|lpm_add_sub:Add94|add_sub_7bi:auto_generated                                                                                                                                                                                                                                                                                                                                                                                  ;
;                 |lpm_add_sub:Add96                                                                                   ; 0.00 mW (0.00 mW)                    ; 0.00 mW (0.00 mW)               ; --                                ; 0.00 mW (0.00 mW)                 ; |GaussianMixtureModel|fft_mag:fft_mag_inst|CORDIC_FFT:fft_mag_1|CORDIC_FFT_CORDIC_0:cordic_0|lpm_add_sub:Add96                                                                                                                                                                                                                                                                                                                                                                                                             ;
;                     |add_sub_6bi:auto_generated                                                                      ; 0.00 mW (0.00 mW)                    ; 0.00 mW (0.00 mW)               ; --                                ; 0.00 mW (0.00 mW)                 ; |GaussianMixtureModel|fft_mag:fft_mag_inst|CORDIC_FFT:fft_mag_1|CORDIC_FFT_CORDIC_0:cordic_0|lpm_add_sub:Add96|add_sub_6bi:auto_generated                                                                                                                                                                                                                                                                                                                                                                                  ;
;                 |lpm_add_sub:Add104                                                                                  ; 0.00 mW (0.00 mW)                    ; 0.00 mW (0.00 mW)               ; --                                ; 0.00 mW (0.00 mW)                 ; |GaussianMixtureModel|fft_mag:fft_mag_inst|CORDIC_FFT:fft_mag_1|CORDIC_FFT_CORDIC_0:cordic_0|lpm_add_sub:Add104                                                                                                                                                                                                                                                                                                                                                                                                            ;
;                     |add_sub_6bi:auto_generated                                                                      ; 0.00 mW (0.00 mW)                    ; 0.00 mW (0.00 mW)               ; --                                ; 0.00 mW (0.00 mW)                 ; |GaussianMixtureModel|fft_mag:fft_mag_inst|CORDIC_FFT:fft_mag_1|CORDIC_FFT_CORDIC_0:cordic_0|lpm_add_sub:Add104|add_sub_6bi:auto_generated                                                                                                                                                                                                                                                                                                                                                                                 ;
;                 |dspba_delay:redist0_outMag_uid549_vecTranslateTest_b_1                                              ; 0.00 mW (0.00 mW)                    ; 0.00 mW (0.00 mW)               ; --                                ; 0.00 mW (0.00 mW)                 ; |GaussianMixtureModel|fft_mag:fft_mag_inst|CORDIC_FFT:fft_mag_1|CORDIC_FFT_CORDIC_0:cordic_0|dspba_delay:redist0_outMag_uid549_vecTranslateTest_b_1                                                                                                                                                                                                                                                                                                                                                                        ;
;                 |dspba_delay:redist1_yip1_25_uid454_vecTranslateTest_b_1                                             ; 0.00 mW (0.00 mW)                    ; 0.00 mW (0.00 mW)               ; --                                ; 0.00 mW (0.00 mW)                 ; |GaussianMixtureModel|fft_mag:fft_mag_inst|CORDIC_FFT:fft_mag_1|CORDIC_FFT_CORDIC_0:cordic_0|dspba_delay:redist1_yip1_25_uid454_vecTranslateTest_b_1                                                                                                                                                                                                                                                                                                                                                                       ;
;                 |dspba_delay:redist2_xip1_25_uid453_vecTranslateTest_b_1                                             ; 0.00 mW (0.00 mW)                    ; 0.00 mW (0.00 mW)               ; --                                ; 0.00 mW (0.00 mW)                 ; |GaussianMixtureModel|fft_mag:fft_mag_inst|CORDIC_FFT:fft_mag_1|CORDIC_FFT_CORDIC_0:cordic_0|dspba_delay:redist2_xip1_25_uid453_vecTranslateTest_b_1                                                                                                                                                                                                                                                                                                                                                                       ;
;                 |dspba_delay:redist6_yip1_22_uid403_vecTranslateTest_b_1                                             ; 0.00 mW (0.00 mW)                    ; 0.00 mW (0.00 mW)               ; --                                ; 0.00 mW (0.00 mW)                 ; |GaussianMixtureModel|fft_mag:fft_mag_inst|CORDIC_FFT:fft_mag_1|CORDIC_FFT_CORDIC_0:cordic_0|dspba_delay:redist6_yip1_22_uid403_vecTranslateTest_b_1                                                                                                                                                                                                                                                                                                                                                                       ;
;                 |dspba_delay:redist7_xip1_22_uid402_vecTranslateTest_b_1                                             ; 0.00 mW (0.00 mW)                    ; 0.00 mW (0.00 mW)               ; --                                ; 0.00 mW (0.00 mW)                 ; |GaussianMixtureModel|fft_mag:fft_mag_inst|CORDIC_FFT:fft_mag_1|CORDIC_FFT_CORDIC_0:cordic_0|dspba_delay:redist7_xip1_22_uid402_vecTranslateTest_b_1                                                                                                                                                                                                                                                                                                                                                                       ;
;                 |dspba_delay:redist11_yip1_19_uid352_vecTranslateTest_b_1                                            ; 0.00 mW (0.00 mW)                    ; 0.00 mW (0.00 mW)               ; --                                ; 0.00 mW (0.00 mW)                 ; |GaussianMixtureModel|fft_mag:fft_mag_inst|CORDIC_FFT:fft_mag_1|CORDIC_FFT_CORDIC_0:cordic_0|dspba_delay:redist11_yip1_19_uid352_vecTranslateTest_b_1                                                                                                                                                                                                                                                                                                                                                                      ;
;                 |dspba_delay:redist12_xip1_19_uid351_vecTranslateTest_b_1                                            ; 0.00 mW (0.00 mW)                    ; 0.00 mW (0.00 mW)               ; --                                ; 0.00 mW (0.00 mW)                 ; |GaussianMixtureModel|fft_mag:fft_mag_inst|CORDIC_FFT:fft_mag_1|CORDIC_FFT_CORDIC_0:cordic_0|dspba_delay:redist12_xip1_19_uid351_vecTranslateTest_b_1                                                                                                                                                                                                                                                                                                                                                                      ;
;                 |dspba_delay:redist16_yip1_16_uid301_vecTranslateTest_b_1                                            ; 0.00 mW (0.00 mW)                    ; 0.00 mW (0.00 mW)               ; --                                ; 0.00 mW (0.00 mW)                 ; |GaussianMixtureModel|fft_mag:fft_mag_inst|CORDIC_FFT:fft_mag_1|CORDIC_FFT_CORDIC_0:cordic_0|dspba_delay:redist16_yip1_16_uid301_vecTranslateTest_b_1                                                                                                                                                                                                                                                                                                                                                                      ;
;                 |dspba_delay:redist17_xip1_16_uid300_vecTranslateTest_b_1                                            ; 0.00 mW (0.00 mW)                    ; 0.00 mW (0.00 mW)               ; --                                ; 0.00 mW (0.00 mW)                 ; |GaussianMixtureModel|fft_mag:fft_mag_inst|CORDIC_FFT:fft_mag_1|CORDIC_FFT_CORDIC_0:cordic_0|dspba_delay:redist17_xip1_16_uid300_vecTranslateTest_b_1                                                                                                                                                                                                                                                                                                                                                                      ;
;                 |dspba_delay:redist21_yip1_13_uid250_vecTranslateTest_b_1                                            ; 0.00 mW (0.00 mW)                    ; 0.00 mW (0.00 mW)               ; --                                ; 0.00 mW (0.00 mW)                 ; |GaussianMixtureModel|fft_mag:fft_mag_inst|CORDIC_FFT:fft_mag_1|CORDIC_FFT_CORDIC_0:cordic_0|dspba_delay:redist21_yip1_13_uid250_vecTranslateTest_b_1                                                                                                                                                                                                                                                                                                                                                                      ;
;                 |dspba_delay:redist22_xip1_13_uid249_vecTranslateTest_b_1                                            ; 0.00 mW (0.00 mW)                    ; 0.00 mW (0.00 mW)               ; --                                ; 0.00 mW (0.00 mW)                 ; |GaussianMixtureModel|fft_mag:fft_mag_inst|CORDIC_FFT:fft_mag_1|CORDIC_FFT_CORDIC_0:cordic_0|dspba_delay:redist22_xip1_13_uid249_vecTranslateTest_b_1                                                                                                                                                                                                                                                                                                                                                                      ;
;                 |dspba_delay:redist26_yip1_10_uid199_vecTranslateTest_b_1                                            ; 0.00 mW (0.00 mW)                    ; 0.00 mW (0.00 mW)               ; --                                ; 0.00 mW (0.00 mW)                 ; |GaussianMixtureModel|fft_mag:fft_mag_inst|CORDIC_FFT:fft_mag_1|CORDIC_FFT_CORDIC_0:cordic_0|dspba_delay:redist26_yip1_10_uid199_vecTranslateTest_b_1                                                                                                                                                                                                                                                                                                                                                                      ;
;                 |dspba_delay:redist27_xip1_10_uid198_vecTranslateTest_b_1                                            ; 0.00 mW (0.00 mW)                    ; 0.00 mW (0.00 mW)               ; --                                ; 0.00 mW (0.00 mW)                 ; |GaussianMixtureModel|fft_mag:fft_mag_inst|CORDIC_FFT:fft_mag_1|CORDIC_FFT_CORDIC_0:cordic_0|dspba_delay:redist27_xip1_10_uid198_vecTranslateTest_b_1                                                                                                                                                                                                                                                                                                                                                                      ;
;                 |dspba_delay:redist31_yip1_7_uid144_vecTranslateTest_b_1                                             ; 0.00 mW (0.00 mW)                    ; 0.00 mW (0.00 mW)               ; --                                ; 0.00 mW (0.00 mW)                 ; |GaussianMixtureModel|fft_mag:fft_mag_inst|CORDIC_FFT:fft_mag_1|CORDIC_FFT_CORDIC_0:cordic_0|dspba_delay:redist31_yip1_7_uid144_vecTranslateTest_b_1                                                                                                                                                                                                                                                                                                                                                                       ;
;                 |dspba_delay:redist32_xip1_7_uid143_vecTranslateTest_b_1                                             ; 0.00 mW (0.00 mW)                    ; 0.00 mW (0.00 mW)               ; --                                ; 0.00 mW (0.00 mW)                 ; |GaussianMixtureModel|fft_mag:fft_mag_inst|CORDIC_FFT:fft_mag_1|CORDIC_FFT_CORDIC_0:cordic_0|dspba_delay:redist32_xip1_7_uid143_vecTranslateTest_b_1                                                                                                                                                                                                                                                                                                                                                                       ;
;                 |dspba_delay:redist37_yip1_3_uid68_vecTranslateTest_b_1                                              ; 0.00 mW (0.00 mW)                    ; 0.00 mW (0.00 mW)               ; --                                ; 0.00 mW (0.00 mW)                 ; |GaussianMixtureModel|fft_mag:fft_mag_inst|CORDIC_FFT:fft_mag_1|CORDIC_FFT_CORDIC_0:cordic_0|dspba_delay:redist37_yip1_3_uid68_vecTranslateTest_b_1                                                                                                                                                                                                                                                                                                                                                                        ;
;                 |dspba_delay:redist38_xip1_3_uid67_vecTranslateTest_b_1                                              ; 0.00 mW (0.00 mW)                    ; 0.00 mW (0.00 mW)               ; --                                ; 0.00 mW (0.00 mW)                 ; |GaussianMixtureModel|fft_mag:fft_mag_inst|CORDIC_FFT:fft_mag_1|CORDIC_FFT_CORDIC_0:cordic_0|dspba_delay:redist38_xip1_3_uid67_vecTranslateTest_b_1                                                                                                                                                                                                                                                                                                                                                                        ;
;     |freq_Feat_Ex:freq_feat_inst                                                                                     ; 0.00 mW (0.00 mW)                    ; 0.00 mW (0.00 mW)               ; --                                ; 0.00 mW (0.00 mW)                 ; |GaussianMixtureModel|freq_Feat_Ex:freq_feat_inst                                                                                                                                                                                                                                                                                                                                                                                                                                                                          ;
;         |lpm_divide:Div0                                                                                             ; 0.00 mW (0.00 mW)                    ; 0.00 mW (0.00 mW)               ; --                                ; 0.00 mW (0.00 mW)                 ; |GaussianMixtureModel|freq_Feat_Ex:freq_feat_inst|lpm_divide:Div0                                                                                                                                                                                                                                                                                                                                                                                                                                                          ;
;             |lpm_divide_8vl:auto_generated                                                                           ; 0.00 mW (0.00 mW)                    ; 0.00 mW (0.00 mW)               ; --                                ; 0.00 mW (0.00 mW)                 ; |GaussianMixtureModel|freq_Feat_Ex:freq_feat_inst|lpm_divide:Div0|lpm_divide_8vl:auto_generated                                                                                                                                                                                                                                                                                                                                                                                                                            ;
;                 |sign_div_unsign_anh:divider                                                                         ; 0.00 mW (0.00 mW)                    ; 0.00 mW (0.00 mW)               ; --                                ; 0.00 mW (0.00 mW)                 ; |GaussianMixtureModel|freq_Feat_Ex:freq_feat_inst|lpm_divide:Div0|lpm_divide_8vl:auto_generated|sign_div_unsign_anh:divider                                                                                                                                                                                                                                                                                                                                                                                                ;
;                     |alt_u_div_uke:divider                                                                           ; 0.00 mW (0.00 mW)                    ; 0.00 mW (0.00 mW)               ; --                                ; 0.00 mW (0.00 mW)                 ; |GaussianMixtureModel|freq_Feat_Ex:freq_feat_inst|lpm_divide:Div0|lpm_divide_8vl:auto_generated|sign_div_unsign_anh:divider|alt_u_div_uke:divider                                                                                                                                                                                                                                                                                                                                                                          ;
;                         |add_sub_u3c:add_sub_1                                                                       ; 0.00 mW (0.00 mW)                    ; 0.00 mW (0.00 mW)               ; --                                ; 0.00 mW (0.00 mW)                 ; |GaussianMixtureModel|freq_Feat_Ex:freq_feat_inst|lpm_divide:Div0|lpm_divide_8vl:auto_generated|sign_div_unsign_anh:divider|alt_u_div_uke:divider|add_sub_u3c:add_sub_1                                                                                                                                                                                                                                                                                                                                                    ;
;     |gmm:gmm_top_inst                                                                                                ; 0.00 mW (0.00 mW)                    ; 0.00 mW (0.00 mW)               ; --                                ; 0.00 mW (0.00 mW)                 ; |GaussianMixtureModel|gmm:gmm_top_inst                                                                                                                                                                                                                                                                                                                                                                                                                                                                                     ;
;         |GMM_cov:cov_inst                                                                                            ; 0.00 mW (0.00 mW)                    ; 0.00 mW (0.00 mW)               ; --                                ; 0.00 mW (0.00 mW)                 ; |GaussianMixtureModel|gmm:gmm_top_inst|GMM_cov:cov_inst                                                                                                                                                                                                                                                                                                                                                                                                                                                                    ;
;             |lpm_mult:Mult0                                                                                          ; 0.00 mW (0.00 mW)                    ; 0.00 mW (0.00 mW)               ; --                                ; 0.00 mW (0.00 mW)                 ; |GaussianMixtureModel|gmm:gmm_top_inst|GMM_cov:cov_inst|lpm_mult:Mult0                                                                                                                                                                                                                                                                                                                                                                                                                                                     ;
;                 |mult_2hs:auto_generated                                                                             ; 0.00 mW (0.00 mW)                    ; 0.00 mW (0.00 mW)               ; --                                ; 0.00 mW (0.00 mW)                 ; |GaussianMixtureModel|gmm:gmm_top_inst|GMM_cov:cov_inst|lpm_mult:Mult0|mult_2hs:auto_generated                                                                                                                                                                                                                                                                                                                                                                                                                             ;
;             |lpm_mult:Mult1                                                                                          ; 0.00 mW (0.00 mW)                    ; 0.00 mW (0.00 mW)               ; --                                ; 0.00 mW (0.00 mW)                 ; |GaussianMixtureModel|gmm:gmm_top_inst|GMM_cov:cov_inst|lpm_mult:Mult1                                                                                                                                                                                                                                                                                                                                                                                                                                                     ;
;                 |mult_2hs:auto_generated                                                                             ; 0.00 mW (0.00 mW)                    ; 0.00 mW (0.00 mW)               ; --                                ; 0.00 mW (0.00 mW)                 ; |GaussianMixtureModel|gmm:gmm_top_inst|GMM_cov:cov_inst|lpm_mult:Mult1|mult_2hs:auto_generated                                                                                                                                                                                                                                                                                                                                                                                                                             ;
;             |lpm_mult:Mult2                                                                                          ; 0.00 mW (0.00 mW)                    ; 0.00 mW (0.00 mW)               ; --                                ; 0.00 mW (0.00 mW)                 ; |GaussianMixtureModel|gmm:gmm_top_inst|GMM_cov:cov_inst|lpm_mult:Mult2                                                                                                                                                                                                                                                                                                                                                                                                                                                     ;
;                 |mult_2hs:auto_generated                                                                             ; 0.00 mW (0.00 mW)                    ; 0.00 mW (0.00 mW)               ; --                                ; 0.00 mW (0.00 mW)                 ; |GaussianMixtureModel|gmm:gmm_top_inst|GMM_cov:cov_inst|lpm_mult:Mult2|mult_2hs:auto_generated                                                                                                                                                                                                                                                                                                                                                                                                                             ;
;             |lpm_mult:Mult3                                                                                          ; 0.00 mW (0.00 mW)                    ; 0.00 mW (0.00 mW)               ; --                                ; 0.00 mW (0.00 mW)                 ; |GaussianMixtureModel|gmm:gmm_top_inst|GMM_cov:cov_inst|lpm_mult:Mult3                                                                                                                                                                                                                                                                                                                                                                                                                                                     ;
;                 |mult_2hs:auto_generated                                                                             ; 0.00 mW (0.00 mW)                    ; 0.00 mW (0.00 mW)               ; --                                ; 0.00 mW (0.00 mW)                 ; |GaussianMixtureModel|gmm:gmm_top_inst|GMM_cov:cov_inst|lpm_mult:Mult3|mult_2hs:auto_generated                                                                                                                                                                                                                                                                                                                                                                                                                             ;
;             |lpm_mult:Mult4                                                                                          ; 0.00 mW (0.00 mW)                    ; 0.00 mW (0.00 mW)               ; --                                ; 0.00 mW (0.00 mW)                 ; |GaussianMixtureModel|gmm:gmm_top_inst|GMM_cov:cov_inst|lpm_mult:Mult4                                                                                                                                                                                                                                                                                                                                                                                                                                                     ;
;                 |mult_2hs:auto_generated                                                                             ; 0.00 mW (0.00 mW)                    ; 0.00 mW (0.00 mW)               ; --                                ; 0.00 mW (0.00 mW)                 ; |GaussianMixtureModel|gmm:gmm_top_inst|GMM_cov:cov_inst|lpm_mult:Mult4|mult_2hs:auto_generated                                                                                                                                                                                                                                                                                                                                                                                                                             ;
;             |lpm_mult:Mult5                                                                                          ; 0.00 mW (0.00 mW)                    ; 0.00 mW (0.00 mW)               ; --                                ; 0.00 mW (0.00 mW)                 ; |GaussianMixtureModel|gmm:gmm_top_inst|GMM_cov:cov_inst|lpm_mult:Mult5                                                                                                                                                                                                                                                                                                                                                                                                                                                     ;
;                 |mult_2hs:auto_generated                                                                             ; 0.00 mW (0.00 mW)                    ; 0.00 mW (0.00 mW)               ; --                                ; 0.00 mW (0.00 mW)                 ; |GaussianMixtureModel|gmm:gmm_top_inst|GMM_cov:cov_inst|lpm_mult:Mult5|mult_2hs:auto_generated                                                                                                                                                                                                                                                                                                                                                                                                                             ;
;         |Mahalanobis_Distance:dist_inst                                                                              ; 0.00 mW (0.00 mW)                    ; 0.00 mW (0.00 mW)               ; --                                ; 0.00 mW (0.00 mW)                 ; |GaussianMixtureModel|gmm:gmm_top_inst|Mahalanobis_Distance:dist_inst                                                                                                                                                                                                                                                                                                                                                                                                                                                      ;
;             |lpm_mult:Mult0                                                                                          ; 0.00 mW (0.00 mW)                    ; 0.00 mW (0.00 mW)               ; --                                ; 0.00 mW (0.00 mW)                 ; |GaussianMixtureModel|gmm:gmm_top_inst|Mahalanobis_Distance:dist_inst|lpm_mult:Mult0                                                                                                                                                                                                                                                                                                                                                                                                                                       ;
;                 |mult_5hs:auto_generated                                                                             ; 0.00 mW (0.00 mW)                    ; 0.00 mW (0.00 mW)               ; --                                ; 0.00 mW (0.00 mW)                 ; |GaussianMixtureModel|gmm:gmm_top_inst|Mahalanobis_Distance:dist_inst|lpm_mult:Mult0|mult_5hs:auto_generated                                                                                                                                                                                                                                                                                                                                                                                                               ;
;             |lpm_mult:Mult1                                                                                          ; 0.00 mW (0.00 mW)                    ; 0.00 mW (0.00 mW)               ; --                                ; 0.00 mW (0.00 mW)                 ; |GaussianMixtureModel|gmm:gmm_top_inst|Mahalanobis_Distance:dist_inst|lpm_mult:Mult1                                                                                                                                                                                                                                                                                                                                                                                                                                       ;
;                 |mult_5hs:auto_generated                                                                             ; 0.00 mW (0.00 mW)                    ; 0.00 mW (0.00 mW)               ; --                                ; 0.00 mW (0.00 mW)                 ; |GaussianMixtureModel|gmm:gmm_top_inst|Mahalanobis_Distance:dist_inst|lpm_mult:Mult1|mult_5hs:auto_generated                                                                                                                                                                                                                                                                                                                                                                                                               ;
;             |lpm_mult:Mult2                                                                                          ; 0.00 mW (0.00 mW)                    ; 0.00 mW (0.00 mW)               ; --                                ; 0.00 mW (0.00 mW)                 ; |GaussianMixtureModel|gmm:gmm_top_inst|Mahalanobis_Distance:dist_inst|lpm_mult:Mult2                                                                                                                                                                                                                                                                                                                                                                                                                                       ;
;                 |mult_5hs:auto_generated                                                                             ; 0.00 mW (0.00 mW)                    ; 0.00 mW (0.00 mW)               ; --                                ; 0.00 mW (0.00 mW)                 ; |GaussianMixtureModel|gmm:gmm_top_inst|Mahalanobis_Distance:dist_inst|lpm_mult:Mult2|mult_5hs:auto_generated                                                                                                                                                                                                                                                                                                                                                                                                               ;
;             |lpm_mult:Mult3                                                                                          ; 0.00 mW (0.00 mW)                    ; 0.00 mW (0.00 mW)               ; --                                ; 0.00 mW (0.00 mW)                 ; |GaussianMixtureModel|gmm:gmm_top_inst|Mahalanobis_Distance:dist_inst|lpm_mult:Mult3                                                                                                                                                                                                                                                                                                                                                                                                                                       ;
;                 |mult_5hs:auto_generated                                                                             ; 0.00 mW (0.00 mW)                    ; 0.00 mW (0.00 mW)               ; --                                ; 0.00 mW (0.00 mW)                 ; |GaussianMixtureModel|gmm:gmm_top_inst|Mahalanobis_Distance:dist_inst|lpm_mult:Mult3|mult_5hs:auto_generated                                                                                                                                                                                                                                                                                                                                                                                                               ;
;             |lpm_mult:Mult4                                                                                          ; 0.00 mW (0.00 mW)                    ; 0.00 mW (0.00 mW)               ; --                                ; 0.00 mW (0.00 mW)                 ; |GaussianMixtureModel|gmm:gmm_top_inst|Mahalanobis_Distance:dist_inst|lpm_mult:Mult4                                                                                                                                                                                                                                                                                                                                                                                                                                       ;
;                 |mult_5hs:auto_generated                                                                             ; 0.00 mW (0.00 mW)                    ; 0.00 mW (0.00 mW)               ; --                                ; 0.00 mW (0.00 mW)                 ; |GaussianMixtureModel|gmm:gmm_top_inst|Mahalanobis_Distance:dist_inst|lpm_mult:Mult4|mult_5hs:auto_generated                                                                                                                                                                                                                                                                                                                                                                                                               ;
;             |lpm_mult:Mult5                                                                                          ; 0.00 mW (0.00 mW)                    ; 0.00 mW (0.00 mW)               ; --                                ; 0.00 mW (0.00 mW)                 ; |GaussianMixtureModel|gmm:gmm_top_inst|Mahalanobis_Distance:dist_inst|lpm_mult:Mult5                                                                                                                                                                                                                                                                                                                                                                                                                                       ;
;                 |mult_5hs:auto_generated                                                                             ; 0.00 mW (0.00 mW)                    ; 0.00 mW (0.00 mW)               ; --                                ; 0.00 mW (0.00 mW)                 ; |GaussianMixtureModel|gmm:gmm_top_inst|Mahalanobis_Distance:dist_inst|lpm_mult:Mult5|mult_5hs:auto_generated                                                                                                                                                                                                                                                                                                                                                                                                               ;
;             |lpm_mult:Mult6                                                                                          ; 0.00 mW (0.00 mW)                    ; 0.00 mW (0.00 mW)               ; --                                ; 0.00 mW (0.00 mW)                 ; |GaussianMixtureModel|gmm:gmm_top_inst|Mahalanobis_Distance:dist_inst|lpm_mult:Mult6                                                                                                                                                                                                                                                                                                                                                                                                                                       ;
;                 |mult_vgs:auto_generated                                                                             ; 0.00 mW (0.00 mW)                    ; 0.00 mW (0.00 mW)               ; --                                ; 0.00 mW (0.00 mW)                 ; |GaussianMixtureModel|gmm:gmm_top_inst|Mahalanobis_Distance:dist_inst|lpm_mult:Mult6|mult_vgs:auto_generated                                                                                                                                                                                                                                                                                                                                                                                                               ;
;             |lpm_mult:Mult7                                                                                          ; 0.00 mW (0.00 mW)                    ; 0.00 mW (0.00 mW)               ; --                                ; 0.00 mW (0.00 mW)                 ; |GaussianMixtureModel|gmm:gmm_top_inst|Mahalanobis_Distance:dist_inst|lpm_mult:Mult7                                                                                                                                                                                                                                                                                                                                                                                                                                       ;
;                 |mult_vgs:auto_generated                                                                             ; 0.00 mW (0.00 mW)                    ; 0.00 mW (0.00 mW)               ; --                                ; 0.00 mW (0.00 mW)                 ; |GaussianMixtureModel|gmm:gmm_top_inst|Mahalanobis_Distance:dist_inst|lpm_mult:Mult7|mult_vgs:auto_generated                                                                                                                                                                                                                                                                                                                                                                                                               ;
;             |lpm_mult:Mult8                                                                                          ; 0.00 mW (0.00 mW)                    ; 0.00 mW (0.00 mW)               ; --                                ; 0.00 mW (0.00 mW)                 ; |GaussianMixtureModel|gmm:gmm_top_inst|Mahalanobis_Distance:dist_inst|lpm_mult:Mult8                                                                                                                                                                                                                                                                                                                                                                                                                                       ;
;                 |mult_vgs:auto_generated                                                                             ; 0.00 mW (0.00 mW)                    ; 0.00 mW (0.00 mW)               ; --                                ; 0.00 mW (0.00 mW)                 ; |GaussianMixtureModel|gmm:gmm_top_inst|Mahalanobis_Distance:dist_inst|lpm_mult:Mult8|mult_vgs:auto_generated                                                                                                                                                                                                                                                                                                                                                                                                               ;
;             |lpm_mult:Mult9                                                                                          ; 0.00 mW (0.00 mW)                    ; 0.00 mW (0.00 mW)               ; --                                ; 0.00 mW (0.00 mW)                 ; |GaussianMixtureModel|gmm:gmm_top_inst|Mahalanobis_Distance:dist_inst|lpm_mult:Mult9                                                                                                                                                                                                                                                                                                                                                                                                                                       ;
;                 |mult_vgs:auto_generated                                                                             ; 0.00 mW (0.00 mW)                    ; 0.00 mW (0.00 mW)               ; --                                ; 0.00 mW (0.00 mW)                 ; |GaussianMixtureModel|gmm:gmm_top_inst|Mahalanobis_Distance:dist_inst|lpm_mult:Mult9|mult_vgs:auto_generated                                                                                                                                                                                                                                                                                                                                                                                                               ;
;             |lpm_mult:Mult10                                                                                         ; 0.00 mW (0.00 mW)                    ; 0.00 mW (0.00 mW)               ; --                                ; 0.00 mW (0.00 mW)                 ; |GaussianMixtureModel|gmm:gmm_top_inst|Mahalanobis_Distance:dist_inst|lpm_mult:Mult10                                                                                                                                                                                                                                                                                                                                                                                                                                      ;
;                 |mult_vgs:auto_generated                                                                             ; 0.00 mW (0.00 mW)                    ; 0.00 mW (0.00 mW)               ; --                                ; 0.00 mW (0.00 mW)                 ; |GaussianMixtureModel|gmm:gmm_top_inst|Mahalanobis_Distance:dist_inst|lpm_mult:Mult10|mult_vgs:auto_generated                                                                                                                                                                                                                                                                                                                                                                                                              ;
;             |lpm_mult:Mult11                                                                                         ; 0.00 mW (0.00 mW)                    ; 0.00 mW (0.00 mW)               ; --                                ; 0.00 mW (0.00 mW)                 ; |GaussianMixtureModel|gmm:gmm_top_inst|Mahalanobis_Distance:dist_inst|lpm_mult:Mult11                                                                                                                                                                                                                                                                                                                                                                                                                                      ;
;                 |mult_vgs:auto_generated                                                                             ; 0.00 mW (0.00 mW)                    ; 0.00 mW (0.00 mW)               ; --                                ; 0.00 mW (0.00 mW)                 ; |GaussianMixtureModel|gmm:gmm_top_inst|Mahalanobis_Distance:dist_inst|lpm_mult:Mult11|mult_vgs:auto_generated                                                                                                                                                                                                                                                                                                                                                                                                              ;
;         |Matrix_Inversion:inv_inst                                                                                   ; 0.00 mW (0.00 mW)                    ; 0.00 mW (0.00 mW)               ; --                                ; 0.00 mW (0.00 mW)                 ; |GaussianMixtureModel|gmm:gmm_top_inst|Matrix_Inversion:inv_inst                                                                                                                                                                                                                                                                                                                                                                                                                                                           ;
;             |lpm_mult:Mult0                                                                                          ; 0.00 mW (0.00 mW)                    ; 0.00 mW (0.00 mW)               ; --                                ; 0.00 mW (0.00 mW)                 ; |GaussianMixtureModel|gmm:gmm_top_inst|Matrix_Inversion:inv_inst|lpm_mult:Mult0                                                                                                                                                                                                                                                                                                                                                                                                                                            ;
;                 |mult_ugs:auto_generated                                                                             ; 0.00 mW (0.00 mW)                    ; 0.00 mW (0.00 mW)               ; --                                ; 0.00 mW (0.00 mW)                 ; |GaussianMixtureModel|gmm:gmm_top_inst|Matrix_Inversion:inv_inst|lpm_mult:Mult0|mult_ugs:auto_generated                                                                                                                                                                                                                                                                                                                                                                                                                    ;
;             |lpm_mult:Mult1                                                                                          ; 0.00 mW (0.00 mW)                    ; 0.00 mW (0.00 mW)               ; --                                ; 0.00 mW (0.00 mW)                 ; |GaussianMixtureModel|gmm:gmm_top_inst|Matrix_Inversion:inv_inst|lpm_mult:Mult1                                                                                                                                                                                                                                                                                                                                                                                                                                            ;
;                 |mult_ugs:auto_generated                                                                             ; 0.00 mW (0.00 mW)                    ; 0.00 mW (0.00 mW)               ; --                                ; 0.00 mW (0.00 mW)                 ; |GaussianMixtureModel|gmm:gmm_top_inst|Matrix_Inversion:inv_inst|lpm_mult:Mult1|mult_ugs:auto_generated                                                                                                                                                                                                                                                                                                                                                                                                                    ;
;             |lpm_mult:Mult2                                                                                          ; 0.00 mW (0.00 mW)                    ; 0.00 mW (0.00 mW)               ; --                                ; 0.00 mW (0.00 mW)                 ; |GaussianMixtureModel|gmm:gmm_top_inst|Matrix_Inversion:inv_inst|lpm_mult:Mult2                                                                                                                                                                                                                                                                                                                                                                                                                                            ;
;                 |mult_ugs:auto_generated                                                                             ; 0.00 mW (0.00 mW)                    ; 0.00 mW (0.00 mW)               ; --                                ; 0.00 mW (0.00 mW)                 ; |GaussianMixtureModel|gmm:gmm_top_inst|Matrix_Inversion:inv_inst|lpm_mult:Mult2|mult_ugs:auto_generated                                                                                                                                                                                                                                                                                                                                                                                                                    ;
;             |div32:div32_inst                                                                                        ; 0.00 mW (0.00 mW)                    ; 0.00 mW (0.00 mW)               ; --                                ; 0.00 mW (0.00 mW)                 ; |GaussianMixtureModel|gmm:gmm_top_inst|Matrix_Inversion:inv_inst|div32:div32_inst                                                                                                                                                                                                                                                                                                                                                                                                                                          ;
;                 |lpm_divide:LPM_DIVIDE_component                                                                     ; 0.00 mW (0.00 mW)                    ; 0.00 mW (0.00 mW)               ; --                                ; 0.00 mW (0.00 mW)                 ; |GaussianMixtureModel|gmm:gmm_top_inst|Matrix_Inversion:inv_inst|div32:div32_inst|lpm_divide:LPM_DIVIDE_component                                                                                                                                                                                                                                                                                                                                                                                                          ;
;                     |lpm_divide_sns:auto_generated                                                                   ; 0.00 mW (0.00 mW)                    ; 0.00 mW (0.00 mW)               ; --                                ; 0.00 mW (0.00 mW)                 ; |GaussianMixtureModel|gmm:gmm_top_inst|Matrix_Inversion:inv_inst|div32:div32_inst|lpm_divide:LPM_DIVIDE_component|lpm_divide_sns:auto_generated                                                                                                                                                                                                                                                                                                                                                                            ;
;                         |abs_divider_kug:divider                                                                     ; 0.00 mW (0.00 mW)                    ; 0.00 mW (0.00 mW)               ; --                                ; 0.00 mW (0.00 mW)                 ; |GaussianMixtureModel|gmm:gmm_top_inst|Matrix_Inversion:inv_inst|div32:div32_inst|lpm_divide:LPM_DIVIDE_component|lpm_divide_sns:auto_generated|abs_divider_kug:divider                                                                                                                                                                                                                                                                                                                                                    ;
;                             |alt_u_div_c6f:divider                                                                   ; 0.00 mW (0.00 mW)                    ; 0.00 mW (0.00 mW)               ; --                                ; 0.00 mW (0.00 mW)                 ; |GaussianMixtureModel|gmm:gmm_top_inst|Matrix_Inversion:inv_inst|div32:div32_inst|lpm_divide:LPM_DIVIDE_component|lpm_divide_sns:auto_generated|abs_divider_kug:divider|alt_u_div_c6f:divider                                                                                                                                                                                                                                                                                                                              ;
;                                 |add_sub_u3c:add_sub_1                                                               ; 0.00 mW (0.00 mW)                    ; 0.00 mW (0.00 mW)               ; --                                ; 0.00 mW (0.00 mW)                 ; |GaussianMixtureModel|gmm:gmm_top_inst|Matrix_Inversion:inv_inst|div32:div32_inst|lpm_divide:LPM_DIVIDE_component|lpm_divide_sns:auto_generated|abs_divider_kug:divider|alt_u_div_c6f:divider|add_sub_u3c:add_sub_1                                                                                                                                                                                                                                                                                                        ;
;                                 |altshift_taps:DFFQuotient_rtl_0                                                     ; 0.00 mW (0.00 mW)                    ; 0.00 mW (0.00 mW)               ; --                                ; 0.00 mW (0.00 mW)                 ; |GaussianMixtureModel|gmm:gmm_top_inst|Matrix_Inversion:inv_inst|div32:div32_inst|lpm_divide:LPM_DIVIDE_component|lpm_divide_sns:auto_generated|abs_divider_kug:divider|alt_u_div_c6f:divider|altshift_taps:DFFQuotient_rtl_0                                                                                                                                                                                                                                                                                              ;
;                                     |shift_taps_a8p:auto_generated                                                   ; 0.00 mW (0.00 mW)                    ; 0.00 mW (0.00 mW)               ; --                                ; 0.00 mW (0.00 mW)                 ; |GaussianMixtureModel|gmm:gmm_top_inst|Matrix_Inversion:inv_inst|div32:div32_inst|lpm_divide:LPM_DIVIDE_component|lpm_divide_sns:auto_generated|abs_divider_kug:divider|alt_u_div_c6f:divider|altshift_taps:DFFQuotient_rtl_0|shift_taps_a8p:auto_generated                                                                                                                                                                                                                                                                ;
;                                         |altsyncram_ml71:altsyncram2                                                 ; 0.00 mW (0.00 mW)                    ; 0.00 mW (0.00 mW)               ; --                                ; 0.00 mW (0.00 mW)                 ; |GaussianMixtureModel|gmm:gmm_top_inst|Matrix_Inversion:inv_inst|div32:div32_inst|lpm_divide:LPM_DIVIDE_component|lpm_divide_sns:auto_generated|abs_divider_kug:divider|alt_u_div_c6f:divider|altshift_taps:DFFQuotient_rtl_0|shift_taps_a8p:auto_generated|altsyncram_ml71:altsyncram2                                                                                                                                                                                                                                    ;
;                                         |cntr_q3f:cntr1                                                              ; 0.00 mW (0.00 mW)                    ; 0.00 mW (0.00 mW)               ; --                                ; 0.00 mW (0.00 mW)                 ; |GaussianMixtureModel|gmm:gmm_top_inst|Matrix_Inversion:inv_inst|div32:div32_inst|lpm_divide:LPM_DIVIDE_component|lpm_divide_sns:auto_generated|abs_divider_kug:divider|alt_u_div_c6f:divider|altshift_taps:DFFQuotient_rtl_0|shift_taps_a8p:auto_generated|cntr_q3f:cntr1                                                                                                                                                                                                                                                 ;
;                                 |altshift_taps:DFFQuotient_rtl_1                                                     ; 0.00 mW (0.00 mW)                    ; 0.00 mW (0.00 mW)               ; --                                ; 0.00 mW (0.00 mW)                 ; |GaussianMixtureModel|gmm:gmm_top_inst|Matrix_Inversion:inv_inst|div32:div32_inst|lpm_divide:LPM_DIVIDE_component|lpm_divide_sns:auto_generated|abs_divider_kug:divider|alt_u_div_c6f:divider|altshift_taps:DFFQuotient_rtl_1                                                                                                                                                                                                                                                                                              ;
;                                     |shift_taps_o9p:auto_generated                                                   ; 0.00 mW (0.00 mW)                    ; 0.00 mW (0.00 mW)               ; --                                ; 0.00 mW (0.00 mW)                 ; |GaussianMixtureModel|gmm:gmm_top_inst|Matrix_Inversion:inv_inst|div32:div32_inst|lpm_divide:LPM_DIVIDE_component|lpm_divide_sns:auto_generated|abs_divider_kug:divider|alt_u_div_c6f:divider|altshift_taps:DFFQuotient_rtl_1|shift_taps_o9p:auto_generated                                                                                                                                                                                                                                                                ;
;                                         |altsyncram_pv21:altsyncram4                                                 ; 0.00 mW (0.00 mW)                    ; 0.00 mW (0.00 mW)               ; --                                ; 0.00 mW (0.00 mW)                 ; |GaussianMixtureModel|gmm:gmm_top_inst|Matrix_Inversion:inv_inst|div32:div32_inst|lpm_divide:LPM_DIVIDE_component|lpm_divide_sns:auto_generated|abs_divider_kug:divider|alt_u_div_c6f:divider|altshift_taps:DFFQuotient_rtl_1|shift_taps_o9p:auto_generated|altsyncram_pv21:altsyncram4                                                                                                                                                                                                                                    ;
;                                         |cntr_s3f:cntr1                                                              ; 0.00 mW (0.00 mW)                    ; 0.00 mW (0.00 mW)               ; --                                ; 0.00 mW (0.00 mW)                 ; |GaussianMixtureModel|gmm:gmm_top_inst|Matrix_Inversion:inv_inst|div32:div32_inst|lpm_divide:LPM_DIVIDE_component|lpm_divide_sns:auto_generated|abs_divider_kug:divider|alt_u_div_c6f:divider|altshift_taps:DFFQuotient_rtl_1|shift_taps_o9p:auto_generated|cntr_s3f:cntr1                                                                                                                                                                                                                                                 ;
;                             |lpm_abs_8b9:my_abs_den                                                                  ; 0.00 mW (0.00 mW)                    ; 0.00 mW (0.00 mW)               ; --                                ; 0.00 mW (0.00 mW)                 ; |GaussianMixtureModel|gmm:gmm_top_inst|Matrix_Inversion:inv_inst|div32:div32_inst|lpm_divide:LPM_DIVIDE_component|lpm_divide_sns:auto_generated|abs_divider_kug:divider|lpm_abs_8b9:my_abs_den                                                                                                                                                                                                                                                                                                                             ;
;                             |lpm_abs_8b9:my_abs_num                                                                  ; 0.00 mW (0.00 mW)                    ; 0.00 mW (0.00 mW)               ; --                                ; 0.00 mW (0.00 mW)                 ; |GaussianMixtureModel|gmm:gmm_top_inst|Matrix_Inversion:inv_inst|div32:div32_inst|lpm_divide:LPM_DIVIDE_component|lpm_divide_sns:auto_generated|abs_divider_kug:divider|lpm_abs_8b9:my_abs_num                                                                                                                                                                                                                                                                                                                             ;
;             |mult32:mult32_inst                                                                                      ; 0.00 mW (0.00 mW)                    ; 0.00 mW (0.00 mW)               ; --                                ; 0.00 mW (0.00 mW)                 ; |GaussianMixtureModel|gmm:gmm_top_inst|Matrix_Inversion:inv_inst|mult32:mult32_inst                                                                                                                                                                                                                                                                                                                                                                                                                                        ;
;                 |lpm_mult:lpm_mult_component                                                                         ; 0.00 mW (0.00 mW)                    ; 0.00 mW (0.00 mW)               ; --                                ; 0.00 mW (0.00 mW)                 ; |GaussianMixtureModel|gmm:gmm_top_inst|Matrix_Inversion:inv_inst|mult32:mult32_inst|lpm_mult:lpm_mult_component                                                                                                                                                                                                                                                                                                                                                                                                            ;
;                     |mult_h4s:auto_generated                                                                         ; 0.00 mW (0.00 mW)                    ; 0.00 mW (0.00 mW)               ; --                                ; 0.00 mW (0.00 mW)                 ; |GaussianMixtureModel|gmm:gmm_top_inst|Matrix_Inversion:inv_inst|mult32:mult32_inst|lpm_mult:lpm_mult_component|mult_h4s:auto_generated                                                                                                                                                                                                                                                                                                                                                                                    ;
;         |GMM_mean:mean_inst                                                                                          ; 0.00 mW (0.00 mW)                    ; 0.00 mW (0.00 mW)               ; --                                ; 0.00 mW (0.00 mW)                 ; |GaussianMixtureModel|gmm:gmm_top_inst|GMM_mean:mean_inst                                                                                                                                                                                                                                                                                                                                                                                                                                                                  ;
+----------------------------------------------------------------------------------------------------------------------+--------------------------------------+---------------------------------+-----------------------------------+-----------------------------------+----------------------------------------------------------------------------------------------------------------------------------------------------------------------------------------------------------------------------------------------------------------------------------------------------------------------------------------------------------------------------------------------------------------------------------------------------------------------------------------------------------------------------+
(1) Value in parentheses is the power consumed at that level of hierarchy. Value not in parentheses is the power consumed at that level of hierarchy plus the power consumed by all levels of hierarchy below it.

(2) The "Block Thermal Static Power" for all levels of hierarchy except the top-level hierarchy is part of the "Core Static Thermal Power Dissipation" value found on the PowerPlay Power Analyzer-->Summary report panel. The "Core Static Thermal Power Dissipation" also contains the thermal static power dissipated by the routing.


+--------------------------------------------------------------------+
; Core Dynamic Thermal Power Dissipation by Clock Domain             ;
+-----------------+-----------------------+--------------------------+
; Clock Domain    ; Clock Frequency (MHz) ; Total Core Dynamic Power ;
+-----------------+-----------------------+--------------------------+
; No clock domain ; 0.00                  ; 0.00                     ;
+-----------------+-----------------------+--------------------------+


+------------------------------------------------------------------------------------------------------------------------------------+
; Current Drawn from Voltage Supplies Summary                                                                                        ;
+----------------+-------------------------+---------------------------+--------------------------+----------------------------------+
; Voltage Supply ; Total Current Drawn (1) ; Dynamic Current Drawn (1) ; Static Current Drawn (1) ; Minimum Power Supply Current (2) ;
+----------------+-------------------------+---------------------------+--------------------------+----------------------------------+
; VCCIO          ; 3.44 mA                 ; 0.00 mA                   ; 3.44 mA                  ; 3.44 mA                          ;
; VCCA           ; 2.93 mA                 ; 0.00 mA                   ; 2.93 mA                  ; 2.93 mA                          ;
; VCC_ONE        ; 80.94 mA                ; 0.00 mA                   ; 80.94 mA                 ; 80.94 mA                         ;
+----------------+-------------------------+---------------------------+--------------------------+----------------------------------+
(1) Currents reported in columns "Total Current Drawn", "Dynamic Current Drawn", and "Static Current Drawn" are sufficient for user operation of the device.  
(2) Currents reported in column "Minimum Power Supply Current" are sufficient for power-up, configuration, and user operation of the device.


+-----------------------------------------------------------------------------------------------+
; VCCIO Supply Current Drawn by I/O Bank                                                        ;
+----------+---------------+---------------------+-----------------------+----------------------+
; I/O Bank ; VCCIO Voltage ; Total Current Drawn ; Dynamic Current Drawn ; Static Current Drawn ;
+----------+---------------+---------------------+-----------------------+----------------------+
; 1A       ; 2.5V          ; 0.39 mA             ; 0.00 mA               ; 0.39 mA              ;
; 1B       ; 2.5V          ; 0.39 mA             ; 0.00 mA               ; 0.39 mA              ;
; 2        ; 2.5V          ; 0.38 mA             ; 0.00 mA               ; 0.38 mA              ;
; 3        ; 2.5V          ; 0.38 mA             ; 0.00 mA               ; 0.38 mA              ;
; 4        ; 2.5V          ; 0.38 mA             ; 0.00 mA               ; 0.38 mA              ;
; 5        ; 2.5V          ; 0.38 mA             ; 0.00 mA               ; 0.38 mA              ;
; 6        ; 2.5V          ; 0.39 mA             ; 0.00 mA               ; 0.39 mA              ;
; 7        ; 2.5V          ; 0.38 mA             ; 0.00 mA               ; 0.38 mA              ;
; 8        ; 2.5V          ; 0.39 mA             ; 0.00 mA               ; 0.39 mA              ;
+----------+---------------+---------------------+-----------------------+----------------------+


+-----------------------------------------------------------------------------------------------------------------------------------+
; VCCIO Supply Current Drawn by Voltage                                                                                             ;
+---------------+-------------------------+---------------------------+--------------------------+----------------------------------+
; VCCIO Voltage ; Total Current Drawn (1) ; Dynamic Current Drawn (1) ; Static Current Drawn (1) ; Minimum Power Supply Current (2) ;
+---------------+-------------------------+---------------------------+--------------------------+----------------------------------+
; 2.5V          ; 3.44 mA                 ; 0.00 mA                   ; 3.44 mA                  ; 3.44 mA                          ;
+---------------+-------------------------+---------------------------+--------------------------+----------------------------------+
(1) Currents reported in columns "Total Current Drawn", "Dynamic Current Drawn", and "Static Current Drawn" are sufficient for user operation of the device.  
(2) Currents reported in column "Minimum Power Supply Current" are sufficient for power-up, configuration, and user operation of the device.


+--------------------------------------------------------------------------------------------------------------------------------------------------------+
; Confidence Metric Details                                                                                                                              ;
+----------------------------------------------------------------------------------------+----------------+------------+----------------+----------------+
; Data Source                                                                            ; Total          ; Pin        ; Registered     ; Combinational  ;
+----------------------------------------------------------------------------------------+----------------+------------+----------------+----------------+
; Simulation (from file)                                                                 ;                ;            ;                ;                ;
;     -- Number of signals with Toggle Rate from Simulation                              ; 0 (0.0%)       ; 0 (0.0%)   ; 0 (0.0%)       ; 0 (0.0%)       ;
;     -- Number of signals with Static Probability from Simulation                       ; 0 (0.0%)       ; 0 (0.0%)   ; 0 (0.0%)       ; 0 (0.0%)       ;
;                                                                                        ;                ;            ;                ;                ;
; Node, entity or clock assignment                                                       ;                ;            ;                ;                ;
;     -- Number of signals with Toggle Rate from Node, entity or clock assignment        ; 0 (0.0%)       ; 0 (0.0%)   ; 0 (0.0%)       ; 0 (0.0%)       ;
;     -- Number of signals with Static Probability from Node, entity or clock assignment ; 2 (0.0%)       ; 0 (0.0%)   ; 0 (0.0%)       ; 2 (0.0%)       ;
;                                                                                        ;                ;            ;                ;                ;
; Vectorless estimation                                                                  ;                ;            ;                ;                ;
;     -- Number of signals with Toggle Rate from Vectorless estimation                   ; 46053 (100.0%) ; 9 (36.0%)  ; 11851 (100.0%) ; 34193 (100.0%) ;
;     -- Number of signals with Zero toggle rate, from Vectorless estimation             ; 848 (1.8%)     ; 1 (4.0%)   ; 10 (0.1%)      ; 837 (2.4%)     ;
;     -- Number of signals with Static Probability from Vectorless estimation            ; 46051 (100.0%) ; 9 (36.0%)  ; 11851 (100.0%) ; 34191 (100.0%) ;
;                                                                                        ;                ;            ;                ;                ;
; Default assignment                                                                     ;                ;            ;                ;                ;
;     -- Number of signals with Toggle Rate from Default assignment                      ; 0 (0.0%)       ; 0 (0.0%)   ; 0 (0.0%)       ; 0 (0.0%)       ;
;     -- Number of signals with Static Probability from Default assignment               ; 17 (0.0%)      ; 16 (64.0%) ; 0 (0.0%)       ; 1 (0.0%)       ;
;                                                                                        ;                ;            ;                ;                ;
; Assumed 0                                                                              ;                ;            ;                ;                ;
;     -- Number of signals with Toggle Rate assumed 0                                    ; 17 (0.0%)      ; 16 (64.0%) ; 0 (0.0%)       ; 1 (0.0%)       ;
+----------------------------------------------------------------------------------------+----------------+------------+----------------+----------------+


+---------------------------------------------------------------------------------------------------------------------------------------------+
; Signal Activities                                                                                                                           ;
+--------+------+---------------------------------------------+-------------------------+--------------------+--------------------------------+
; Signal ; Type ; Toggle Rate (millions of transitions / sec) ; Toggle Rate Data Source ; Static Probability ; Static Probability Data Source ;
+--------+------+---------------------------------------------+-------------------------+--------------------+--------------------------------+
(1) The "Signal Activity" Table has been hidden. To show this table, please select the "Write signal activities to report file" option under "PowerPlay Power Analyzer Settings".


+-------------------------+
; Power Analyzer Messages ;
+-------------------------+
Info: *******************************************************************
Info: Running Quartus Prime Power Analyzer
    Info: Version 23.1std.1 Build 993 05/14/2024 SC Lite Edition
    Info: Processing started: Tue May  5 11:45:06 2026
Info: Command: quartus_pow --read_settings_files=off --write_settings_files=off GaussianMixtureModel -c GaussianMixtureModel
Warning (18236): Number of processors has not been specified which may cause overloading on shared machines.  Set the global assignment NUM_PARALLEL_PROCESSORS in your QSF to an appropriate value for best performance.
Info (21077): Low junction temperature is 0 degrees C
Info (21077): High junction temperature is 85 degrees C
Info (332164): Evaluating HDL-embedded SDC commands
    Info (332165): Entity altera_std_synchronizer
        Info (332166): set_false_path -to [get_keepers {*altera_std_synchronizer:*|din_s1}]
Info (332104): Reading SDC File: 'c:/fpga_projects/gmm - pcb/db/ip/adc/submodules/altera_modular_adc_control.sdc'
Info (332104): Reading SDC File: 'c:/fpga_projects/gmm - pcb/db/ip/adc/submodules/altera_reset_controller.sdc'
Warning (332060): Node: clk was determined to be a clock but was found without an associated clock assignment.
    Info (13166): Register gmm:gmm_top_inst|Mahalanobis_Distance:dist_inst|mana_dist[63] is being clocked by clk
Warning (332068): No clocks defined in design.
Warning (332056): PLL cross checking found inconsistent PLL clock settings:
    Warning (332056): Node: afe_inst|pll_2|altpll_component|auto_generated|pll1|clk[0] was found missing 1 generated clock that corresponds to a base clock with a period of: 20.000
Info (223000): Starting Vectorless Power Activity Estimation
Warning (222013): Relative toggle rates could not be calculated because no clock domain could be identified for some nodes
Info (223001): Completed Vectorless Power Activity Estimation
Info (218000): Using Advanced I/O Power to simulate I/O buffers with the specified board trace model
Info (334003): Started post-fitting delay annotation
Info (334004): Delay annotation completed successfully
Info (215049): Average toggle rate for this design is 0.000 millions of transitions / sec
Info (215031): Total thermal power estimate for the design is 260.17 mW
Info: Quartus Prime Power Analyzer was successful. 0 errors, 6 warnings
    Info: Peak virtual memory: 5127 megabytes
    Info: Processing ended: Tue May  5 11:45:53 2026
    Info: Elapsed time: 00:00:47
    Info: Total CPU time (on all processors): 00:01:41


